TRAIN,out/80_flipX.jpg,kurum_ogrenci_no,1908,2953,1486,2953,1486,2568,1908,2568
TRAIN,out/80_flipX.jpg,sayisal,2608,3898,2260,3898,2260,3075,2608,3075
TRAIN,out/80_flipX.jpg,bilgiler_elle,1920,2404,1347,2404,1347,1959,1920,1959
TRAIN,out/80_flipX.jpg,kenarcizgi,3835,3920,3703,3920,3703,1971,3835,1971
TRAIN,out/80_flipX.jpg,sayisal,778,3866,372,3866,372,3038,778,3038
TRAIN,out/80_flipX.jpg,sozel,3292,3907,2606,3907,2606,3073,3292,3073
TRAIN,out/80_flipX.jpg,kenarcizgi,1991,3883,1910,3883,1910,1946,1991,1946
TRAIN,out/80_flipX.jpg,kitapcik_cinsiyet,1915,2554,1503,2554,1503,2426,1915,2426
TRAIN,out/80_flipX.jpg,soyadi_adi,1219,2945,458,2945,458,1939,1219,1939
TRAIN,out/80_flipX.jpg,tc,1900,3371,1535,3371,1535,2972,1900,2972
TRAIN,out/80_flipX.jpg,bilgiler_elle,3691,2458,3103,2458,3103,1988,3691,1988
TRAIN,out/80_flipX.jpg,soyadi_adi,2985,2989,2253,2989,2253,1983,2985,1983
TRAIN,out/80_flipX.jpg,kitapcik_cinsiyet,3701,2590,3279,2590,3279,2470,3701,2470
TRAIN,out/80_flipX.jpg,cevaplar,3301,3910,2268,3910,2268,2997,3301,2997
TRAIN,out/80_flipX.jpg,sinif_sube,1347,2862,1197,2862,1197,1954,1347,1954
TRAIN,out/80_flipX.jpg,tc,3730,3425,3338,3425,3338,3011,3730,3011
TRAIN,out/80_flipX.jpg,cevaplar,1462,3873,377,3873,377,2965,1462,2965
TRAIN,out/80_flipX.jpg,sinif_sube,3108,2899,2978,2899,2978,1993,3108,1993
TRAIN,out/80_flipX.jpg,kurum_ogrenci_no,3713,3011,3277,3011,3277,2603,3713,2603
TRAIN,out/80_flipX.jpg,sozel,1457,3876,754,3876,754,3041,1457,3041
TRAIN,out/74_flipX.jpg,kitapcik_cinsiyet,529,3332,85,3332,85,3195,529,3195
TRAIN,out/74_flipX.jpg,kenarcizgi,132,3805,2,3805,2,2583,132,2583
TRAIN,out/74_flipX.jpg,bilgiler_elle,725,3785,117,3785,117,3327,725,3327
TRAIN,out/74_flipX.jpg,sinif_sube,859,3787,722,3787,722,2874,859,2874
TRAIN,out/74_flipX.jpg,sayisal,1530,2691,1163,2691,1163,1853,1530,1853
TRAIN,out/74_flipX.jpg,sozel,1178,2693,443,2693,443,1856,1178,1856
TRAIN,out/74_flipX.jpg,sozel,3421,2681,3012,2681,3012,1844,3421,1844
TRAIN,out/74_flipX.jpg,cevaplar,1533,2771,440,2771,440,1844,1533,1844
TRAIN,out/74_flipX.jpg,tc,2273,2767,1900,2767,1900,2358,2273,2358
TRAIN,out/74_flipX.jpg,kurum_ogrenci_no,519,3180,46,3180,46,2801,519,2801
TRAIN,out/74_flipX.jpg,kurum_ogrenci_no,2334,3168,1900,3168,1900,2776,2334,2776
TRAIN,out/74_flipX.jpg,bilgiler_elle,2476,3763,1908,3763,1908,3320,2476,3320
TRAIN,out/74_flipX.jpg,cevaplar,3434,2764,2344,2764,2344,1848,3434,1848
TRAIN,out/74_flipX.jpg,tc,428,2779,12,2779,12,2372,428,2372
TRAIN,out/74_flipX.jpg,sayisal,3047,2683,2346,2683,2346,1846,3047,1846
TRAIN,out/74_flipX.jpg,sinif_sube,2623,3761,2473,3761,2473,2867,2623,2867
TRAIN,out/74_flipX.jpg,kenarcizgi,1898,3787,1829,3787,1829,1861,1898,1861
TRAIN,out/74_flipX.jpg,soyadi_adi,3353,3758,2606,3758,2606,2771,3353,2771
TRAIN,out/74_flipX.jpg,soyadi_adi,1540,3780,808,3780,808,2779,1540,2779
TRAIN,out/33_flipX.jpg,tc,2361,2331,1832,2331,1832,1841,2361,1841
TRAIN,out/33_flipX.jpg,soyadi_adi,1866,3765,504,3765,504,2798,1866,2798
TRAIN,out/33_flipX.jpg,kurum_ogrenci_no,1837,2421,1305,2421,1305,1856,1837,1856
TRAIN,out/33_flipX.jpg,sinif_sube,1746,2820,502,2820,502,2656,1746,2656
TRAIN,out/33_flipX.jpg,kitapcik_cinsiyet,1308,2424,1104,2424,1104,1870,1308,1870
TRAIN,out/33_flipX.jpg,sayisal,3032,3729,1979,3729,1979,3264,3032,3264
TRAIN,out/33_flipX.jpg,kenarcizgi,2052,1851,443,1851,443,1802,2052,1802
TRAIN,out/33_flipX.jpg,sozel,3007,3261,1959,3261,1959,2402,3007,2402
TRAIN,out/33_flipX.jpg,cevaplar,3030,3731,1849,3731,1849,2402,3030,2402
TRAIN,out/33_flipX.jpg,bilgiler_elle,1116,2666,467,2666,467,1873,1116,1873
TRAIN,out/68_flipX.jpg,soyadi_adi,3532,3731,2775,3731,2775,2764,3532,2764
TRAIN,out/68_flipX.jpg,kurum_ogrenci_no,756,3178,284,3178,284,2771,756,2771
TRAIN,out/68_flipX.jpg,cevaplar,3657,2759,2549,2759,2549,1851,3657,1851
TRAIN,out/68_flipX.jpg,sayisal,1761,2686,1398,2686,1398,1851,1761,1851
TRAIN,out/68_flipX.jpg,soyadi_adi,1770,3756,1043,3756,1043,2769,1770,2769
TRAIN,out/68_flipX.jpg,kurum_ogrenci_no,2540,3144,2126,3144,2126,2762,2540,2762
TRAIN,out/68_flipX.jpg,cevaplar,1770,2762,688,2762,688,1846,1770,1846
TRAIN,out/68_flipX.jpg,bilgiler_elle,952,3775,330,3775,330,3313,952,3313
TRAIN,out/68_flipX.jpg,sozel,3632,2688,3208,2688,3208,1853,3632,1853
TRAIN,out/68_flipX.jpg,bilgiler_elle,2674,3734,2109,3734,2109,3290,2674,3290
TRAIN,out/68_flipX.jpg,kitapcik_cinsiyet,2525,3288,2113,3288,2113,3146,2525,3146
TRAIN,out/68_flipX.jpg,tc,668,2779,244,2779,244,2348,668,2348
TRAIN,out/68_flipX.jpg,kenarcizgi,347,3785,117,3785,117,1848,347,1848
TRAIN,out/68_flipX.jpg,sayisal,3267,2681,2554,2681,2554,1846,3267,1846
TRAIN,out/68_flipX.jpg,kenarcizgi,2121,3758,2045,3758,2045,1846,2121,1846
TRAIN,out/68_flipX.jpg,kitapcik_cinsiyet,764,3322,323,3322,323,3173,764,3173
TRAIN,out/68_flipX.jpg,tc,2498,2764,2113,2764,2113,2358,2498,2358
TRAIN,out/68_flipX.jpg,sozel,1418,2683,700,2683,700,1848,1418,1848
TRAIN,out/68_flipX.jpg,sinif_sube,1085,3756,945,3756,945,2862,1085,2862
TRAIN,out/68_flipX.jpg,sinif_sube,2824,3731,2655,3731,2655,2838,2824,2838
TRAIN,out/62_flipX.jpg,kurum_ogrenci_no,1746,2563,1195,2563,1195,1973,1746,1973
TRAIN,out/62_flipX.jpg,sinif_sube,1628,2955,338,2955,338,2774,1628,2774
TRAIN,out/62_flipX.jpg,sayisal,2946,3947,1864,3947,1864,3477,2946,3477
TRAIN,out/62_flipX.jpg,cevaplar,2958,3947,1756,3947,1756,2571,2958,2571
TRAIN,out/62_flipX.jpg,kenarcizgi,2936,1946,279,1946,279,1873,2936,1873
TRAIN,out/62_flipX.jpg,tc,2302,2485,1744,2485,1744,1966,2302,1966
TRAIN,out/62_flipX.jpg,bilgiler_elle,987,2776,323,2776,323,1971,987,1971
TRAIN,out/62_flipX.jpg,soyadi_adi,1744,3929,328,3929,328,2950,1744,2950
TRAIN,out/62_flipX.jpg,sozel,2941,3457,1859,3457,1859,2583,2941,2583
TRAIN,out/62_flipX.jpg,kitapcik_cinsiyet,1190,2556,989,2556,989,1968,1190,1968
TRAIN,out/13_flipX.jpg,sayisal,1614,2524,1283,2524,1283,1824,1614,1824
TRAIN,out/13_flipX.jpg,soyadi_adi,3012,3540,2371,3540,2371,2732,3012,2732
TRAIN,out/13_flipX.jpg,sinif_sube,3789,3526,3568,3526,3568,2793,3789,2793
TRAIN,out/13_flipX.jpg,kenarcizgi,499,3494,271,3494,271,1873,499,1873
TRAIN,out/13_flipX.jpg,sinif_sube,2412,3523,2263,3523,2263,2789,2412,2789
TRAIN,out/13_flipX.jpg,sozel,2785,2654,2192,2654,2192,1971,2785,1971
TRAIN,out/13_flipX.jpg,kurum_ogrenci_no,810,2950,426,2950,426,2610,810,2610
TRAIN,out/13_flipX.jpg,bilgiler_elle,2285,3523,1812,3523,1812,3144,2285,3144
TRAIN,out/13_flipX.jpg,tc,2140,2713,1829,2713,1829,2372,2140,2372
TRAIN,out/13_flipX.jpg,kitapcik_cinsiyet,3515,3146,3150,3146,3150,3029,3515,3029
TRAIN,out/13_flipX.jpg,soyadi_adi,1660,3420,1036,3420,1036,2593,1660,2593
TRAIN,out/13_flipX.jpg,kenarcizgi,3309,3503,3056,3503,3056,1939,3309,1939
TRAIN,out/13_flipX.jpg,cevaplar,1624,2605,707,2605,707,1826,1624,1826
TRAIN,out/13_flipX.jpg,kenarcizgi,1827,3516,1758,3516,1758,1971,1827,1971
TRAIN,out/13_flipX.jpg,kurum_ogrenci_no,2182,3031,1822,3031,1822,2708,2182,2708
TRAIN,out/13_flipX.jpg,kurum_ogrenci_no,3566,3024,3172,3024,3172,2693,3566,2693
TRAIN,out/13_flipX.jpg,sinif_sube,1097,3423,969,3423,969,2669,1097,2669
TRAIN,out/13_flipX.jpg,sayisal,3096,2669,2738,2669,2738,1995,3096,1995
TRAIN,out/13_flipX.jpg,tc,722,2622,384,2622,384,2267,722,2267
TRAIN,out/13_flipX.jpg,kitapcik_cinsiyet,2162,3141,1822,3141,1822,3024,2162,3024
TRAIN,out/13_flipX.jpg,cevaplar,3108,2737,2177,2737,2177,1964,3108,1964
TRAIN,out/13_flipX.jpg,tc,3573,2698,3228,2698,3228,2348,3573,2348
TRAIN,out/13_flipX.jpg,kitapcik_cinsiyet,827,3068,462,3068,462,2935,827,2935
TRAIN,out/13_flipX.jpg,bilgiler_elle,3642,3508,3105,3508,3105,3131,3642,3131
TRAIN,out/13_flipX.jpg,bilgiler_elle,982,3440,480,3440,480,3060,982,3060
TRAIN,out/13_flipX.jpg,sozel,1332,2534,710,2534,710,1841,1332,1841
TRAIN,out/27_flipX.jpg,kenarcizgi,278,3833,113,3833,113,1853,278,1853
TRAIN,out/27_flipX.jpg,kitapcik_cinsiyet,2625,3305,2178,3305,2178,3151,2625,3151
TRAIN,out/27_flipX.jpg,sozel,1423,2659,682,2659,682,1853,1423,1853
TRAIN,out/27_flipX.jpg,kitapcik_cinsiyet,736,3330,262,3330,262,3170,736,3170
TRAIN,out/27_flipX.jpg,sinif_sube,2933,3787,2784,3787,2784,2819,2933,2819
TRAIN,out/27_flipX.jpg,sinif_sube,1055,3819,914,3819,914,2835,1055,2835
TRAIN,out/27_flipX.jpg,sozel,3342,2638,2622,2638,2622,1864,3342,1864
TRAIN,out/27_flipX.jpg,kenarcizgi,2178,3808,2100,3808,2100,1859,2178,1859
TRAIN,out/27_flipX.jpg,tc,627,2740,221,2740,221,2305,627,2305
TRAIN,out/27_flipX.jpg,kurum_ogrenci_no,2625,3154,2170,3154,2170,2732,2625,2732
TRAIN,out/27_flipX.jpg,bilgiler_elle,912,3817,276,3817,276,3324,912,3324
TRAIN,out/27_flipX.jpg,cevaplar,3718,2713,2649,2713,2649,1851,3718,1851
TRAIN,out/27_flipX.jpg,sayisal,1797,2659,1410,2659,1410,1853,1797,1853
TRAIN,out/27_flipX.jpg,kurum_ogrenci_no,719,3168,240,3168,240,2746,719,2746
TRAIN,out/27_flipX.jpg,soyadi_adi,3688,3779,2920,3779,2920,2713,3688,2713
TRAIN,out/27_flipX.jpg,soyadi_adi,1788,3811,1031,3811,1031,2748,1788,2748
TRAIN,out/27_flipX.jpg,sayisal,3707,2627,3331,2627,3331,1856,3707,1856
TRAIN,out/27_flipX.jpg,bilgiler_elle,2795,3787,2175,3787,2175,3295,2795,3295
TRAIN,out/27_flipX.jpg,cevaplar,1783,2738,692,2738,692,1861,1783,1861
TRAIN,out/27_flipX.jpg,tc,2565,2743,2165,2743,2165,2294,2565,2294
TRAIN,out/83_flipX.jpg,sinif_sube,3627,3057,2297,3057,2297,2831,3627,2831
TRAIN,out/83_flipX.jpg,kitapcik_cinsiyet,2946,3867,2720,3867,2720,3259,2946,3259
TRAIN,out/83_flipX.jpg,sayisal,2089,2304,985,2304,985,1792,2089,1792
TRAIN,out/83_flipX.jpg,sozel,2080,3206,949,3206,949,2280,2080,2280
TRAIN,out/83_flipX.jpg,kurum_ogrenci_no,2723,3852,2151,3852,2151,3233,2723,3233
TRAIN,out/83_flipX.jpg,kenarcizgi,3633,3986,934,3986,934,3822,3633,3822
TRAIN,out/83_flipX.jpg,cevaplar,2193,3212,940,3212,940,1795,2193,1795
TRAIN,out/83_flipX.jpg,bilgiler_elle,3622,3884,2928,3884,2928,3042,3622,3042
TRAIN,out/83_flipX.jpg,soyadi_adi,3654,2875,2172,2875,2172,1840,3654,1840
TRAIN,out/83_flipX.jpg,tc,2163,3834,1586,3834,1586,3295,2163,3295
TRAIN,out/6_flipX.jpg,sozel,1768,326,926,326,926,-704,1768,-704
TRAIN,out/6_flipX.jpg,kenarcizgi,445,1738,262,1738,262,-664,445,-664
TRAIN,out/6_flipX.jpg,kitapcik_cinsiyet,965,1109,425,1109,425,922,965,922
TRAIN,out/6_flipX.jpg,soyadi_adi,2202,1642,1319,1642,1319,406,2202,406
TRAIN,out/6_flipX.jpg,tc,866,457,385,457,385,-72,866,-72
TRAIN,out/6_flipX.jpg,sayisal,2214,310,1765,310,1765,-724,2214,-724
TRAIN,out/6_flipX.jpg,bilgiler_elle,1168,1674,441,1674,441,1089,1168,1089
TRAIN,out/6_flipX.jpg,kurum_ogrenci_no,954,938,405,938,405,433,954,433
TRAIN,out/6_flipX.jpg,sinif_sube,1343,1642,1160,1642,1160,537,1343,537
TRAIN,out/6_flipX.jpg,cevaplar,2214,417,922,417,922,-728,2214,-728
TRAIN,out/24_flipX.jpg,sayisal,2833,3902,1758,3902,1758,3447,2833,3447
TRAIN,out/24_flipX.jpg,kenarcizgi,2833,1980,270,1980,270,1876,2833,1876
TRAIN,out/24_flipX.jpg,sinif_sube,1529,2941,312,2941,312,2774,1529,2774
TRAIN,out/24_flipX.jpg,soyadi_adi,1648,3887,300,3887,300,2947,1648,2947
TRAIN,out/24_flipX.jpg,kurum_ogrenci_no,1636,2563,1119,2563,1119,1995,1636,1995
TRAIN,out/24_flipX.jpg,tc,2169,2477,1657,2477,1657,1989,2169,1989
TRAIN,out/24_flipX.jpg,kitapcik_cinsiyet,1107,2569,922,2569,922,1998,1107,1998
TRAIN,out/24_flipX.jpg,sozel,2824,3435,1758,3435,1758,2563,2824,2563
TRAIN,out/24_flipX.jpg,bilgiler_elle,913,2771,294,2771,294,2000,913,2000
TRAIN,out/24_flipX.jpg,cevaplar,2812,3920,1660,3920,1660,2560,2812,2560
TRAIN,out/20_flipX.jpg,bilgiler_elle,952,2634,276,2634,276,1804,952,1804
TRAIN,out/20_flipX.jpg,tc,2330,2340,1750,2340,1750,1804,2330,1804
TRAIN,out/20_flipX.jpg,sayisal,3005,3896,1848,3896,1848,3399,3005,3399
TRAIN,out/20_flipX.jpg,kitapcik_cinsiyet,1160,2417,958,2417,958,1807,1160,1807
TRAIN,out/20_flipX.jpg,cevaplar,3014,3908,1735,3908,1735,2456,3014,2456
TRAIN,out/20_flipX.jpg,sozel,3011,3393,1848,3393,1848,2456,3011,2456
TRAIN,out/20_flipX.jpg,sinif_sube,1619,2843,282,2843,282,2637,1619,2637
TRAIN,out/20_flipX.jpg,soyadi_adi,1735,3867,247,3867,247,2828,1735,2828
TRAIN,out/20_flipX.jpg,kurum_ogrenci_no,1747,2423,1175,2423,1175,1804,1747,1804
TRAIN,out/17_flipX.jpg,sinif_sube,1711,2864,517,2864,517,2676,1711,2676
TRAIN,out/17_flipX.jpg,soyadi_adi,1812,3795,482,3795,482,2846,1812,2846
TRAIN,out/17_flipX.jpg,bilgiler_elle,1110,2682,514,2682,514,1926,1110,1926
TRAIN,out/17_flipX.jpg,kenarcizgi,3020,1908,467,1908,467,1810,3020,1810
TRAIN,out/17_flipX.jpg,sayisal,3005,3846,1913,3846,1913,3367,3005,3367
TRAIN,out/17_flipX.jpg,sozel,2997,3387,1925,3387,1925,2509,2997,2509
TRAIN,out/17_flipX.jpg,tc,2360,2411,1830,2411,1830,1917,2360,1917
TRAIN,out/17_flipX.jpg,cevaplar,2991,3852,1809,3852,1809,2509,2991,2509
TRAIN,out/17_flipX.jpg,kurum_ogrenci_no,1824,2495,1300,2495,1300,1926,1824,1926
TRAIN,out/17_flipX.jpg,kitapcik_cinsiyet,1303,2489,1110,2489,1110,1926,1303,1926
TRAIN,out/87_flipX.jpg,soyadi_adi,3755,2896,2282,2896,2282,1887,3755,1887
TRAIN,out/87_flipX.jpg,kurum_ogrenci_no,2830,3875,2273,3875,2273,3274,2830,3274
TRAIN,out/87_flipX.jpg,sozel,2178,3242,1080,3242,1080,2355,2178,2355
TRAIN,out/87_flipX.jpg,kenarcizgi,3720,3983,1080,3983,1080,3878,3720,3878
TRAIN,out/87_flipX.jpg,bilgiler_elle,3723,3887,3026,3887,3026,3072,3723,3072
TRAIN,out/87_flipX.jpg,cevaplar,2303,3250,1089,3250,1089,1870,2303,1870
TRAIN,out/87_flipX.jpg,kitapcik_cinsiyet,3041,3890,2830,3890,2830,3292,3041,3292
TRAIN,out/87_flipX.jpg,sayisal,2190,2352,1083,2352,1083,1852,2190,1852
TRAIN,out/87_flipX.jpg,tc,2282,3858,1723,3858,1723,3346,2282,3346
TRAIN,out/87_flipX.jpg,sinif_sube,3744,3087,2410,3087,2410,2878,3744,2878
TRAIN,out/39_flipX.jpg,kurum_ogrenci_no,607,3221,181,3221,181,2822,607,2822
TRAIN,out/39_flipX.jpg,sayisal,1583,2750,1244,2750,1244,1971,1583,1971
TRAIN,out/39_flipX.jpg,kurum_ogrenci_no,2214,3206,1806,3206,1806,2834,2214,2834
TRAIN,out/39_flipX.jpg,sinif_sube,904,3804,779,3804,779,2923,904,2923
TRAIN,out/39_flipX.jpg,tc,3904,2700,3538,2700,3538,2301,3904,2301
TRAIN,out/39_flipX.jpg,sinif_sube,2485,3780,2348,3780,2348,2908,2485,2908
TRAIN,out/39_flipX.jpg,bilgiler_elle,779,3801,199,3801,199,3352,779,3352
TRAIN,out/39_flipX.jpg,sozel,2869,2774,2226,2774,2226,1977,2869,1977
TRAIN,out/39_flipX.jpg,bilgiler_elle,2357,3783,1809,3783,1809,3340,2357,3340
TRAIN,out/39_flipX.jpg,cevaplar,3217,2855,2232,2855,2232,1974,3217,1974
TRAIN,out/39_flipX.jpg,cevaplar,1580,2834,601,2834,601,1950,1580,1950
TRAIN,out/39_flipX.jpg,sayisal,3196,2771,2851,2771,2851,1998,3196,1998
TRAIN,out/39_flipX.jpg,kitapcik_cinsiyet,616,3361,193,3361,193,3215,616,3215
TRAIN,out/39_flipX.jpg,kitapcik_cinsiyet,3913,3227,3497,3227,3497,3084,3913,3084
TRAIN,out/39_flipX.jpg,kenarcizgi,1797,3813,1741,3813,1741,1980,1797,1980
TRAIN,out/39_flipX.jpg,kurum_ogrenci_no,3937,3078,3520,3078,3520,2697,3937,2697
TRAIN,out/39_flipX.jpg,soyadi_adi,1589,3801,886,3801,886,2837,1589,2837
TRAIN,out/39_flipX.jpg,kenarcizgi,3577,3679,3434,3679,3434,1819,3577,1819
TRAIN,out/39_flipX.jpg,tc,535,2837,157,2837,157,2435,535,2435
TRAIN,out/39_flipX.jpg,tc,2172,2846,1791,2846,1791,2447,2172,2447
TRAIN,out/39_flipX.jpg,sozel,1247,2765,589,2765,589,1947,1247,1947
TRAIN,out/39_flipX.jpg,soyadi_adi,3181,3783,2461,3783,2461,2828,3181,2828
TRAIN,out/39_flipX.jpg,kitapcik_cinsiyet,2223,3343,1794,3343,1794,3206,2223,3206
TRAIN,out/39_flipX.jpg,kenarcizgi,211,3807,68,3807,68,1923,211,1923
TRAIN,out/56_flipX.jpg,tc,2267,2420,1770,2420,1770,1962,2267,1962
TRAIN,out/56_flipX.jpg,sozel,2851,3310,1869,3310,1869,2506,2851,2506
TRAIN,out/56_flipX.jpg,kurum_ogrenci_no,1764,2498,1285,2498,1285,1965,1764,1965
TRAIN,out/56_flipX.jpg,soyadi_adi,1779,3709,523,3709,523,2837,1779,2837
TRAIN,out/56_flipX.jpg,kenarcizgi,2889,1941,511,1941,511,1867,2889,1867
TRAIN,out/56_flipX.jpg,sinif_sube,1666,2843,535,2843,535,2676,1666,2676
TRAIN,out/56_flipX.jpg,bilgiler_elle,1098,2682,529,2682,529,1968,1098,1968
TRAIN,out/56_flipX.jpg,cevaplar,2845,3742,1773,3742,1773,2506,2845,2506
TRAIN,out/56_flipX.jpg,kitapcik_cinsiyet,1279,2486,1098,2486,1098,1962,1279,1962
TRAIN,out/56_flipX.jpg,sayisal,2869,3736,1860,3736,1860,3301,2869,3301
TRAIN,out/45_flipX.jpg,kitapcik_cinsiyet,723,3358,288,3358,288,3218,723,3218
TRAIN,out/45_flipX.jpg,sozel,3193,2709,2488,2709,2488,1881,3193,1881
TRAIN,out/45_flipX.jpg,kenarcizgi,2050,3789,1982,3789,1982,1896,2050,1896
TRAIN,out/45_flipX.jpg,cevaplar,1714,2801,642,2801,642,1893,1714,1893
TRAIN,out/45_flipX.jpg,tc,2428,2792,2050,2792,2050,2381,2428,2381
TRAIN,out/45_flipX.jpg,tc,627,2819,235,2819,235,2399,627,2399
TRAIN,out/45_flipX.jpg,kenarcizgi,3940,3783,3758,3783,3758,1884,3940,1884
TRAIN,out/45_flipX.jpg,kitapcik_cinsiyet,2470,3322,2044,3322,2044,3182,2470,3182
TRAIN,out/45_flipX.jpg,sayisal,1720,2721,1342,2721,1342,1887,1720,1887
TRAIN,out/45_flipX.jpg,soyadi_adi,3491,3783,2726,3783,2726,2789,3491,2789
TRAIN,out/45_flipX.jpg,kenarcizgi,324,3831,122,3831,122,1905,324,1905
TRAIN,out/45_flipX.jpg,kurum_ogrenci_no,708,3218,255,3218,255,2810,708,2810
TRAIN,out/45_flipX.jpg,sayisal,3559,2703,3154,2703,3154,1887,3559,1887
TRAIN,out/45_flipX.jpg,bilgiler_elle,2627,3774,2041,3774,2041,3319,2627,3319
TRAIN,out/45_flipX.jpg,sozel,1363,2724,657,2724,657,1899,1363,1899
TRAIN,out/45_flipX.jpg,sinif_sube,2764,3774,2604,3774,2604,2875,2764,2875
TRAIN,out/45_flipX.jpg,sinif_sube,1038,3804,883,3804,883,2893,1038,2893
TRAIN,out/45_flipX.jpg,kurum_ogrenci_no,2479,3182,2050,3182,2050,2789,2479,2789
TRAIN,out/45_flipX.jpg,soyadi_adi,1726,3801,1005,3801,1005,2798,1726,2798
TRAIN,out/45_flipX.jpg,cevaplar,3553,2780,2482,2780,2482,1884,3553,1884
TRAIN,out/45_flipX.jpg,bilgiler_elle,907,3816,312,3816,312,3358,907,3358
TRAIN,out/4_flipX.jpg,kurum_ogrenci_no,3747,2917,3273,2917,3273,2524,3747,2524
TRAIN,out/4_flipX.jpg,kenarcizgi,693,3733,407,3733,407,1953,693,1953
TRAIN,out/4_flipX.jpg,sinif_sube,3077,2849,2928,2849,2928,1974,3077,1974
TRAIN,out/4_flipX.jpg,cevaplar,3407,3819,2297,3819,2297,2920,3407,2920
TRAIN,out/4_flipX.jpg,bilgiler_elle,642,2370,44,2370,44,1953,642,1953
TRAIN,out/4_flipX.jpg,bilgiler_elle,3639,2393,3044,2393,3044,1965,3639,1965
TRAIN,out/4_flipX.jpg,tc,3800,3319,3383,3319,3383,2908,3800,2908
TRAIN,out/4_flipX.jpg,kurum_ogrenci_no,571,2864,122,2864,122,2506,571,2506
TRAIN,out/4_flipX.jpg,soyadi_adi,3014,2941,2270,2941,2270,1995,3014,1995
TRAIN,out/4_flipX.jpg,sayisal,2690,3843,2291,3843,2291,3006,2690,3006
TRAIN,out/4_flipX.jpg,sozel,3392,3858,2648,3858,2648,2995,3392,2995
TRAIN,out/4_flipX.jpg,kenarcizgi,3946,3798,3625,3798,3625,1950,3946,1950
TRAIN,out/4_flipX.jpg,kitapcik_cinsiyet,3672,2518,3270,2518,3270,2384,3672,2384
TRAIN,out/4_flipX.jpg,tc,2104,3381,1723,3381,1723,2974,2104,2974
TRAIN,out/4_flipX.jpg,tc,520,3262,107,3262,107,2861,520,2861
TRAIN,out/4_flipX.jpg,soyadi_adi,1419,2998,681,2998,681,2060,1419,2060
TRAIN,out/4_flipX.jpg,sozel,1657,3890,958,3890,958,3054,1657,3054
TRAIN,out/4_flipX.jpg,kenarcizgi,2169,3878,2101,3878,2101,2021,2169,2021
TRAIN,out/4_flipX.jpg,kitapcik_cinsiyet,2098,2599,1684,2599,1684,2456,2098,2456
TRAIN,out/4_flipX.jpg,cevaplar,1672,3887,586,3887,586,2980,1672,2980
TRAIN,out/4_flipX.jpg,kitapcik_cinsiyet,577,2495,175,2495,175,2376,577,2376
TRAIN,out/4_flipX.jpg,bilgiler_elle,2089,2474,1532,2474,1532,2030,2089,2030
TRAIN,out/4_flipX.jpg,sayisal,1014,3884,601,3884,601,3054,1014,3054
TRAIN,out/4_flipX.jpg,sinif_sube,1541,2905,1392,2905,1392,2054,1541,2054
TRAIN,out/4_flipX.jpg,kurum_ogrenci_no,2101,2974,1672,2974,1672,2602,2101,2602
TRAIN,out/92_flipX.jpg,kitapcik_cinsiyet,1160,2456,976,2456,976,1899,1160,1899
TRAIN,out/92_flipX.jpg,kenarcizgi,2836,1890,333,1890,333,1804,2836,1804
TRAIN,out/92_flipX.jpg,sayisal,2833,3801,1782,3801,1782,3358,2833,3358
TRAIN,out/92_flipX.jpg,sozel,2827,3346,1782,3346,1782,2492,2827,2492
TRAIN,out/92_flipX.jpg,bilgiler_elle,970,2661,366,2661,366,1905,970,1905
TRAIN,out/92_flipX.jpg,sinif_sube,1577,2840,369,2840,369,2661,1577,2661
TRAIN,out/92_flipX.jpg,kurum_ogrenci_no,1693,2477,1163,2477,1163,1896,1693,1896
TRAIN,out/92_flipX.jpg,tc,2220,2399,1684,2399,1684,1902,2220,1902
TRAIN,out/92_flipX.jpg,cevaplar,2827,3810,1678,3810,1678,2489,2827,2489
TRAIN,out/92_flipX.jpg,soyadi_adi,1675,3765,357,3765,357,2846,1675,2846
TRAIN,out/96_flipX.jpg,sozel,3005,3486,1904,3486,1904,2578,3005,2578
TRAIN,out/96_flipX.jpg,tc,2333,2489,1785,2489,1785,1983,2333,1983
TRAIN,out/96_flipX.jpg,kitapcik_cinsiyet,1238,2575,1038,2575,1038,1995,1238,1995
TRAIN,out/96_flipX.jpg,soyadi_adi,1788,3944,395,3944,395,2974,1788,2974
TRAIN,out/96_flipX.jpg,sayisal,2994,3962,1910,3962,1910,3503,2994,3503
TRAIN,out/96_flipX.jpg,bilgiler_elle,1032,2798,407,2798,407,2003,1032,2003
TRAIN,out/96_flipX.jpg,kenarcizgi,2988,1977,375,1977,375,1873,2988,1873
TRAIN,out/96_flipX.jpg,sinif_sube,1672,2974,398,2974,398,2798,1672,2798
TRAIN,out/96_flipX.jpg,kurum_ogrenci_no,1782,2581,1241,2581,1241,1986,1782,1986
TRAIN,out/96_flipX.jpg,cevaplar,3011,3962,1803,3962,1803,2572,3011,2572
TRAIN,out/78_flipX.jpg,sayisal,2139,486,1668,486,1668,-591,2139,-591
TRAIN,out/78_flipX.jpg,cevaplar,2158,573,764,573,764,-615,2158,-615
TRAIN,out/78_flipX.jpg,sinif_sube,1149,1967,971,1967,971,717,1149,717
TRAIN,out/78_flipX.jpg,bilgiler_elle,985,1967,192,1967,192,1327,985,1327
TRAIN,out/78_flipX.jpg,tc,677,597,149,597,149,44,677,44
TRAIN,out/78_flipX.jpg,sozel,1668,481,769,481,769,-600,1668,-600
TRAIN,out/78_flipX.jpg,kitapcik_cinsiyet,759,1323,192,1323,192,1135,759,1135
TRAIN,out/78_flipX.jpg,kurum_ogrenci_no,764,1125,197,1125,197,597,764,597
TRAIN,out/78_flipX.jpg,kenarcizgi,187,1981,76,1981,76,-625,187,-625
TRAIN,out/78_flipX.jpg,soyadi_adi,2129,1962,1129,1962,1129,606,2129,606
TRAIN,out/25_flipX.jpg,bilgiler_elle,970,2765,377,2765,377,1998,970,1998
TRAIN,out/25_flipX.jpg,tc,2178,2411,1660,2411,1660,1914,2178,1914
TRAIN,out/25_flipX.jpg,cevaplar,2901,3813,1693,3813,1693,2432,2901,2432
TRAIN,out/25_flipX.jpg,sayisal,2901,3798,1821,3798,1821,3292,2901,3292
TRAIN,out/25_flipX.jpg,kenarcizgi,2747,2015,357,2015,357,1783,2747,1783
TRAIN,out/25_flipX.jpg,kurum_ogrenci_no,1669,2509,1151,2509,1151,1971,1669,1971
TRAIN,out/25_flipX.jpg,kitapcik_cinsiyet,1154,2536,967,2536,967,1989,1154,1989
TRAIN,out/25_flipX.jpg,sozel,2866,3328,1803,3328,1803,2417,2866,2417
TRAIN,out/25_flipX.jpg,sinif_sube,1574,2932,392,2932,392,2762,1574,2762
TRAIN,out/25_flipX.jpg,soyadi_adi,1717,3861,386,3861,386,2858,1717,2858
TRAIN,out/89_flipX.jpg,tc,2369,3780,1860,3780,1860,3280,2369,3280
TRAIN,out/89_flipX.jpg,sozel,2255,3209,1232,3209,1232,2378,2255,2378
TRAIN,out/89_flipX.jpg,kenarcizgi,3705,3893,1255,3893,1255,3745,3705,3745
TRAIN,out/89_flipX.jpg,soyadi_adi,3648,2831,2348,2831,2348,1920,3648,1920
TRAIN,out/89_flipX.jpg,kitapcik_cinsiyet,3071,3745,2880,3745,2880,3200,3071,3200
TRAIN,out/89_flipX.jpg,sinif_sube,3642,2974,2485,2974,2485,2819,3642,2819
TRAIN,out/89_flipX.jpg,sayisal,2241,2364,1211,2364,1211,1923,2241,1923
TRAIN,out/89_flipX.jpg,kurum_ogrenci_no,3666,3742,3062,3742,3062,2989,3666,2989
TRAIN,out/89_flipX.jpg,cevaplar,2348,3224,1208,3224,1208,1920,2348,1920
TRAIN,out/89_flipX.jpg,kurum_ogrenci_no,2889,3762,2372,3762,2372,3206,2889,3206
TRAIN,out/30_flipX.jpg,sozel,2827,3370,1785,3370,1785,2515,2827,2515
TRAIN,out/30_flipX.jpg,kurum_ogrenci_no,1672,2527,1166,2527,1166,1959,1672,1959
TRAIN,out/30_flipX.jpg,sinif_sube,1565,2884,375,2884,375,2724,1565,2724
TRAIN,out/30_flipX.jpg,bilgiler_elle,961,2706,360,2706,360,1965,961,1965
TRAIN,out/30_flipX.jpg,sayisal,2821,3846,1788,3846,1788,3393,2821,3393
TRAIN,out/30_flipX.jpg,tc,2199,2444,1684,2444,1684,1956,2199,1956
TRAIN,out/30_flipX.jpg,kenarcizgi,2821,1944,351,1944,351,1852,2821,1852
TRAIN,out/30_flipX.jpg,soyadi_adi,1681,3807,354,3807,354,2881,1681,2881
TRAIN,out/30_flipX.jpg,kitapcik_cinsiyet,1154,2509,961,2509,961,1968,1154,1968
TRAIN,out/30_flipX.jpg,cevaplar,2845,3843,1687,3843,1687,2527,2845,2527
TRAIN,out/3_flipX.jpg,sayisal,2651,3917,2270,3917,2270,3072,2651,3072
TRAIN,out/3_flipX.jpg,kenarcizgi,2160,3777,2080,3777,2080,1926,2160,1926
TRAIN,out/3_flipX.jpg,tc,3824,3399,3383,3399,3383,2989,3824,2989
TRAIN,out/3_flipX.jpg,kitapcik_cinsiyet,3711,2581,3264,2581,3264,2432,3711,2432
TRAIN,out/3_flipX.jpg,bilgiler_elle,3693,2441,3047,2441,3047,1986,3693,1986
TRAIN,out/3_flipX.jpg,cevaplar,3389,3923,2270,3923,2270,2986,3389,2986
TRAIN,out/3_flipX.jpg,kitapcik_cinsiyet,431,2444,17,2444,17,2304,431,2304
TRAIN,out/3_flipX.jpg,soyadi_adi,3014,2977,2261,2977,2261,2021,3014,2021
TRAIN,out/3_flipX.jpg,sinif_sube,3071,2902,2940,2902,2940,2018,3071,2018
TRAIN,out/3_flipX.jpg,kurum_ogrenci_no,3761,2980,3285,2980,3285,2575,3761,2575
TRAIN,out/3_flipX.jpg,sozel,3389,3938,2622,3938,2622,3066,3389,3066
TRAIN,out/3_flipX.jpg,kenarcizgi,3967,3920,3666,3920,3666,1980,3967,1980
TRAIN,out/3_flipX.jpg,soyadi_adi,1449,2855,672,2855,672,1935,1449,1935
TRAIN,out/3_flipX.jpg,sinif_sube,1562,2774,1392,2774,1392,1938,1562,1938
TRAIN,out/3_flipX.jpg,kurum_ogrenci_no,2098,2867,1654,2867,1654,2500,2098,2500
TRAIN,out/3_flipX.jpg,sozel,1645,3768,931,3768,931,2956,1645,2956
TRAIN,out/3_flipX.jpg,kitapcik_cinsiyet,2095,2486,1675,2486,1675,2370,2095,2370
TRAIN,out/3_flipX.jpg,bilgiler_elle,2110,2361,1520,2361,1520,1938,2110,1938
TRAIN,out/3_flipX.jpg,cevaplar,1657,3765,577,3765,577,2867,1657,2867
TRAIN,out/3_flipX.jpg,tc,2095,3268,1690,3268,1690,2878,2095,2878
TRAIN,out/3_flipX.jpg,kenarcizgi,547,3733,229,3733,229,1855,547,1855
TRAIN,out/3_flipX.jpg,sayisal,991,3745,568,3745,568,2950,991,2950
TRAIN,out/84_flipX.jpg,sayisal,2107,2426,1071,2426,1071,2009,2107,2009
TRAIN,out/84_flipX.jpg,bilgiler_elle,3523,3825,2901,3825,2901,3090,3523,3090
TRAIN,out/84_flipX.jpg,tc,2226,3855,1678,3855,1678,3364,2226,3364
TRAIN,out/84_flipX.jpg,kitapcik_cinsiyet,2925,3831,2723,3831,2723,3304,2925,3304
TRAIN,out/84_flipX.jpg,cevaplar,2196,3292,1068,3292,1068,2003,2196,2003
TRAIN,out/84_flipX.jpg,sinif_sube,3532,3084,2321,3084,2321,2917,3532,2917
TRAIN,out/84_flipX.jpg,soyadi_adi,3511,2938,2193,2938,2193,2015,3511,2015
TRAIN,out/84_flipX.jpg,kurum_ogrenci_no,2717,3849,2205,3849,2205,3298,2717,3298
TRAIN,out/84_flipX.jpg,kenarcizgi,3550,3950,1077,3950,1077,3852,3550,3852
TRAIN,out/84_flipX.jpg,sozel,2107,3286,1080,3286,1080,2462,2107,2462
TRAIN,out/18_flipX.jpg,kenarcizgi,2898,2048,482,2048,482,1929,2898,1929
TRAIN,out/18_flipX.jpg,sinif_sube,1636,2944,502,2944,502,2792,1636,2792
TRAIN,out/18_flipX.jpg,tc,2252,2512,1750,2512,1750,2039,2252,2039
TRAIN,out/18_flipX.jpg,sozel,2866,3426,1851,3426,1851,2590,2866,2590
TRAIN,out/18_flipX.jpg,kitapcik_cinsiyet,1252,2593,1080,2593,1080,2060,1252,2060
TRAIN,out/18_flipX.jpg,kenarcizgi,2872,3896,1767,3896,1767,2593,2872,2593
TRAIN,out/18_flipX.jpg,bilgiler_elle,1068,2783,494,2783,494,2063,1068,2063
TRAIN,out/18_flipX.jpg,sayisal,2895,3887,1839,3887,1839,3429,2895,3429
TRAIN,out/18_flipX.jpg,kurum_ogrenci_no,1750,2593,1252,2593,1252,2054,1750,2054
TRAIN,out/18_flipX.jpg,soyadi_adi,1750,3855,497,3855,497,2959,1750,2959
TRAIN,out/35_flipX.jpg,kitapcik_cinsiyet,1270,2521,1092,2521,1092,2021,1270,2021
TRAIN,out/35_flipX.jpg,kenarcizgi,2821,2009,514,2009,514,1932,2821,1932
TRAIN,out/35_flipX.jpg,bilgiler_elle,1095,2709,520,2709,520,2009,1095,2009
TRAIN,out/35_flipX.jpg,soyadi_adi,1741,3727,500,3727,500,2873,1741,2873
TRAIN,out/35_flipX.jpg,kurum_ogrenci_no,1741,2533,1270,2533,1270,2015,1741,2015
TRAIN,out/35_flipX.jpg,sozel,2779,3328,1827,3328,1827,2557,2779,2557
TRAIN,out/35_flipX.jpg,sinif_sube,1651,2861,532,2861,532,2691,1651,2691
TRAIN,out/35_flipX.jpg,cevaplar,2788,3748,1738,3748,1738,2560,2788,2560
TRAIN,out/35_flipX.jpg,sayisal,2773,3736,1833,3736,1833,3307,2773,3307
TRAIN,out/35_flipX.jpg,tc,2238,2468,1744,2468,1744,2021,2238,2021
TRAIN,out/29_flipX.jpg,bilgiler_elle,937,2614,273,2614,273,1825,937,1825
TRAIN,out/29_flipX.jpg,cevaplar,2967,3887,1708,3887,1708,2453,2967,2453
TRAIN,out/29_flipX.jpg,kurum_ogrenci_no,1723,2426,1169,2426,1169,1795,1723,1795
TRAIN,out/29_flipX.jpg,sayisal,2937,3870,1818,3870,1818,3387,2937,3387
TRAIN,out/29_flipX.jpg,soyadi_adi,1720,3837,252,3837,252,2822,1720,2822
TRAIN,out/29_flipX.jpg,kitapcik_cinsiyet,1151,2405,952,2405,952,1804,1151,1804
TRAIN,out/29_flipX.jpg,sozel,2967,3387,1830,3387,1830,2468,2967,2468
TRAIN,out/29_flipX.jpg,tc,2306,2361,1741,2361,1741,1807,2306,1807
TRAIN,out/29_flipX.jpg,sinif_sube,1601,2813,276,2813,276,2631,1601,2631
TRAIN,out/32_flipX.jpg,kenarcizgi,3806,3679,3651,3679,3651,1756,3806,1756
TRAIN,out/32_flipX.jpg,sozel,1133,2712,449,2712,449,1878,1133,1878
TRAIN,out/32_flipX.jpg,soyadi_adi,3288,3798,2553,3798,2553,2777,3288,2777
TRAIN,out/32_flipX.jpg,bilgiler_elle,2434,3804,1857,3804,1857,3331,2434,3331
TRAIN,out/32_flipX.jpg,sayisal,3318,2685,2934,2685,2934,1849,3318,1849
TRAIN,out/32_flipX.jpg,kurum_ogrenci_no,497,3209,32,3209,32,2801,497,2801
TRAIN,out/32_flipX.jpg,bilgiler_elle,687,3837,62,3837,62,3370,687,3370
TRAIN,out/32_flipX.jpg,cevaplar,1517,2792,440,2792,440,1870,1517,1870
TRAIN,out/32_flipX.jpg,tc,407,2801,2,2801,2,2370,407,2370
TRAIN,out/32_flipX.jpg,sinif_sube,815,3828,672,3828,672,2905,815,2905
TRAIN,out/32_flipX.jpg,sozel,2955,2697,2261,2697,2261,1870,2955,1870
TRAIN,out/32_flipX.jpg,cevaplar,3297,2786,2273,2786,2273,1840,3297,1840
TRAIN,out/32_flipX.jpg,kurum_ogrenci_no,2273,3194,1833,3194,1833,2795,2273,2795
TRAIN,out/32_flipX.jpg,soyadi_adi,1526,3831,773,3831,773,2807,1526,2807
TRAIN,out/32_flipX.jpg,sayisal,1511,2715,1148,2715,1148,1864,1511,1864
TRAIN,out/32_flipX.jpg,kitapcik_cinsiyet,2270,3346,1842,3346,1842,3188,2270,3188
TRAIN,out/32_flipX.jpg,kenarcizgi,1842,3852,1752,3852,1752,1849,1842,1849
TRAIN,out/32_flipX.jpg,sinif_sube,2562,3798,2413,3798,2413,2884,2562,2884
TRAIN,out/32_flipX.jpg,kitapcik_cinsiyet,500,3364,38,3364,38,3218,500,3218
TRAIN,out/32_flipX.jpg,tc,2214,2810,1812,2810,1812,2361,2214,2361
TRAIN,out/47_flipX.jpg,kenarcizgi,2178,3807,2101,3807,2101,1938,2178,1938
TRAIN,out/47_flipX.jpg,cevaplar,3672,2828,2607,2828,2607,1941,3672,1941
TRAIN,out/47_flipX.jpg,soyadi_adi,3577,3786,2830,3786,2830,2831,3577,2831
TRAIN,out/47_flipX.jpg,bilgiler_elle,2735,3801,2154,3801,2154,3349,2735,3349
TRAIN,out/47_flipX.jpg,kurum_ogrenci_no,2595,3227,2157,3227,2157,2840,2595,2840
TRAIN,out/47_flipX.jpg,kenarcizgi,482,3804,309,3804,309,1956,482,1956
TRAIN,out/47_flipX.jpg,cevaplar,1869,2840,839,2840,839,1941,1869,1941
TRAIN,out/47_flipX.jpg,kitapcik_cinsiyet,2586,3361,2163,3361,2163,3215,2586,3215
TRAIN,out/47_flipX.jpg,tc,2559,2837,2175,2837,2175,2429,2559,2429
TRAIN,out/47_flipX.jpg,sinif_sube,2869,3783,2702,3783,2702,2914,2869,2914
TRAIN,out/47_flipX.jpg,sozel,1523,2762,842,2762,842,1947,1523,1947
TRAIN,out/47_flipX.jpg,sayisal,3657,2753,3244,2753,3244,1959,3657,1959
TRAIN,out/47_flipX.jpg,soyadi_adi,1860,3783,1166,3783,1166,2831,1860,2831
TRAIN,out/47_flipX.jpg,sayisal,1869,2756,1526,2756,1526,1947,1869,1947
TRAIN,out/47_flipX.jpg,bilgiler_elle,1059,3792,464,3792,464,3355,1059,3355
TRAIN,out/47_flipX.jpg,sozel,3294,2753,2592,2753,2592,1935,3294,1935
TRAIN,out/47_flipX.jpg,kurum_ogrenci_no,875,3215,440,3215,440,2828,875,2828
TRAIN,out/47_flipX.jpg,kitapcik_cinsiyet,895,3358,470,3358,470,3212,895,3212
TRAIN,out/47_flipX.jpg,tc,794,2834,419,2834,419,2423,794,2423
TRAIN,out/47_flipX.jpg,sinif_sube,1181,3789,1047,3789,1047,2908,1181,2908
TRAIN,out/69_flipX.jpg,cevaplar,2916,3941,1681,3941,1681,2539,2916,2539
TRAIN,out/69_flipX.jpg,kurum_ogrenci_no,1690,2530,1133,2530,1133,1914,1690,1914
TRAIN,out/69_flipX.jpg,sayisal,2910,3929,1782,3929,1782,3480,2910,3480
TRAIN,out/69_flipX.jpg,bilgiler_elle,913,2730,241,2730,241,1932,913,1932
TRAIN,out/69_flipX.jpg,sinif_sube,1574,2926,252,2926,252,2742,1574,2742
TRAIN,out/69_flipX.jpg,sozel,2904,3459,1791,3459,1791,2548,2904,2548
TRAIN,out/69_flipX.jpg,kenarcizgi,2952,1908,220,1908,220,1819,2952,1819
TRAIN,out/69_flipX.jpg,tc,2258,2453,1690,2453,1690,1929,2258,1929
TRAIN,out/69_flipX.jpg,kitapcik_cinsiyet,1127,2512,928,2512,928,1929,1127,1929
TRAIN,out/69_flipX.jpg,soyadi_adi,1696,3926,223,3926,223,2917,1696,2917
TRAIN,out/42_flipX.jpg,tc,2220,2509,1738,2509,1738,2063,2220,2063
TRAIN,out/42_flipX.jpg,sozel,2773,3370,1839,3370,1839,2578,2773,2578
TRAIN,out/42_flipX.jpg,soyadi_adi,1750,3774,494,3774,494,2911,1750,2911
TRAIN,out/42_flipX.jpg,kenarcizgi,2842,2048,508,2048,508,1983,2842,1983
TRAIN,out/42_flipX.jpg,kitapcik_cinsiyet,1267,2578,1074,2578,1074,2054,1267,2054
TRAIN,out/42_flipX.jpg,sinif_sube,1636,2920,526,2920,526,2748,1636,2748
TRAIN,out/42_flipX.jpg,sayisal,2770,3783,1836,3783,1836,3370,2770,3370
TRAIN,out/42_flipX.jpg,bilgiler_elle,1095,2762,514,2762,514,2054,1095,2054
TRAIN,out/42_flipX.jpg,cevaplar,2788,3780,1723,3780,1723,2575,2788,2575
TRAIN,out/42_flipX.jpg,kurum_ogrenci_no,1738,2587,1267,2587,1267,2063,1738,2063
TRAIN,out/85_flipX.jpg,kitapcik_cinsiyet,2934,3816,2755,3816,2755,3280,2934,3280
TRAIN,out/85_flipX.jpg,cevaplar,2276,3248,1154,3248,1154,1980,2276,1980
TRAIN,out/85_flipX.jpg,soyadi_adi,3565,2905,2255,2905,2255,2018,3565,2018
TRAIN,out/85_flipX.jpg,tc,2255,3804,1738,3804,1738,3343,2255,3343
TRAIN,out/85_flipX.jpg,sayisal,2163,2429,1160,2429,1160,1995,2163,1995
TRAIN,out/85_flipX.jpg,bilgiler_elle,3538,3813,2943,3813,2943,3087,3538,3087
TRAIN,out/85_flipX.jpg,kenarcizgi,3577,3893,1127,3893,1127,3840,3577,3840
TRAIN,out/85_flipX.jpg,sozel,2166,3242,1151,3242,1151,2426,2166,2426
TRAIN,out/85_flipX.jpg,sinif_sube,3553,3084,2366,3084,2366,2920,3553,2920
TRAIN,out/85_flipX.jpg,kurum_ogrenci_no,2747,3816,2247,3816,2247,3274,2747,3274
TRAIN,out/8_flipX.jpg,soyadi_adi,3303,3751,2541,3751,2541,2819,3303,2819
TRAIN,out/8_flipX.jpg,tc,610,2789,205,2789,205,2376,610,2376
TRAIN,out/8_flipX.jpg,kenarcizgi,1886,3780,1809,3780,1809,1896,1886,1896
TRAIN,out/8_flipX.jpg,kurum_ogrenci_no,705,3194,247,3194,247,2801,705,2801
TRAIN,out/8_flipX.jpg,sozel,1354,2730,666,2730,666,1881,1354,1881
TRAIN,out/8_flipX.jpg,bilgiler_elle,3898,3887,3318,3887,3318,3477,3898,3477
TRAIN,out/8_flipX.jpg,kitapcik_cinsiyet,2297,3325,1854,3325,1854,3179,2297,3179
TRAIN,out/8_flipX.jpg,cevaplar,1732,2801,657,2801,657,1893,1732,1893
TRAIN,out/8_flipX.jpg,bilgiler_elle,880,3768,285,3768,285,3340,880,3340
TRAIN,out/8_flipX.jpg,kurum_ogrenci_no,3833,3349,3366,3349,3366,2974,3833,2974
TRAIN,out/8_flipX.jpg,sayisal,1726,2750,1360,2750,1360,1917,1726,1917
TRAIN,out/8_flipX.jpg,sinif_sube,2574,3748,2413,3748,2413,2896,2574,2896
TRAIN,out/8_flipX.jpg,kitapcik_cinsiyet,714,3337,273,3337,273,3179,714,3179
TRAIN,out/8_flipX.jpg,tc,3824,2971,3413,2971,3413,2581,3824,2581
TRAIN,out/8_flipX.jpg,kenarcizgi,3517,3905,3252,3905,3252,2105,3517,2105
TRAIN,out/8_flipX.jpg,kurum_ogrenci_no,2312,3182,1860,3182,1860,2813,2312,2813
TRAIN,out/8_flipX.jpg,sozel,3041,2733,2315,2733,2315,1908,3041,1908
TRAIN,out/8_flipX.jpg,sinif_sube,1011,3777,883,3777,883,2896,1011,2896
TRAIN,out/8_flipX.jpg,kitapcik_cinsiyet,3782,3477,3369,3477,3369,3346,3782,3346
TRAIN,out/8_flipX.jpg,cevaplar,3410,2810,2303,2810,2303,1926,3410,1926
TRAIN,out/8_flipX.jpg,bilgiler_elle,2440,3753,1848,3753,1848,3331,2440,3331
TRAIN,out/8_flipX.jpg,tc,2288,2813,1851,2813,1851,2373,2288,2373
TRAIN,out/8_flipX.jpg,kenarcizgi,312,3783,68,3783,68,1870,312,1870
TRAIN,out/8_flipX.jpg,sayisal,3404,2748,2988,2748,2988,1914,3404,1914
TRAIN,out/8_flipX.jpg,soyadi_adi,1720,3774,994,3774,994,2822,1720,2822
TRAIN,out/1_flipX.jpg,kenarcizgi,349,1859,174,1859,174,-527,349,-527
TRAIN,out/1_flipX.jpg,sozel,1694,457,841,457,841,-585,1694,-585
TRAIN,out/1_flipX.jpg,tc,772,573,285,573,285,55,772,55
TRAIN,out/1_flipX.jpg,kitapcik_cinsiyet,878,1266,333,1266,333,1060,878,1060
TRAIN,out/1_flipX.jpg,soyadi_adi,2138,1806,1238,1806,1238,520,2138,520
TRAIN,out/1_flipX.jpg,bilgiler_elle,1080,1838,333,1838,333,1235,1080,1235
TRAIN,out/1_flipX.jpg,sayisal,2138,452,1662,452,1662,-601,2138,-601
TRAIN,out/1_flipX.jpg,sinif_sube,1249,1795,1085,1795,1085,668,1249,668
TRAIN,out/1_flipX.jpg,kurum_ogrenci_no,862,1065,307,1065,307,557,862,557
TRAIN,out/1_flipX.jpg,cevaplar,2138,552,841,552,841,-596,2138,-596
TRAIN,out/98_flipX.jpg,sinif_sube,1705,3075,476,3075,476,2864,1705,2864
TRAIN,out/98_flipX.jpg,kurum_ogrenci_no,1785,2605,1235,2605,1235,2021,1785,2021
TRAIN,out/98_flipX.jpg,bilgiler_elle,1080,2905,452,2905,452,2093,1080,2093
TRAIN,out/98_flipX.jpg,cevaplar,3172,3920,1812,3920,1812,2438,3172,2438
TRAIN,out/98_flipX.jpg,sozel,3092,3408,1919,3408,1919,2438,3092,2438
TRAIN,out/98_flipX.jpg,soyadi_adi,1910,3998,476,3998,476,2938,1910,2938
TRAIN,out/98_flipX.jpg,tc,2315,2468,1744,2468,1744,1944,2315,1944
TRAIN,out/98_flipX.jpg,kitapcik_cinsiyet,1258,2623,1050,2623,1050,2078,1258,2078
TRAIN,out/98_flipX.jpg,kenarcizgi,2889,2146,431,2146,431,1783,2889,1783
TRAIN,out/98_flipX.jpg,sayisal,3172,3899,1997,3899,1997,3355,3172,3355
TRAIN,out/46_flipX.jpg,sozel,3392,2789,2702,2789,2702,1983,3392,1983
TRAIN,out/46_flipX.jpg,kurum_ogrenci_no,854,3212,434,3212,434,2819,854,2819
TRAIN,out/46_flipX.jpg,cevaplar,3755,2870,2699,2870,2699,1998,3755,1998
TRAIN,out/46_flipX.jpg,kenarcizgi,446,3807,309,3807,309,1923,446,1923
TRAIN,out/46_flipX.jpg,cevaplar,1869,2843,848,2843,848,1932,1869,1932
TRAIN,out/46_flipX.jpg,kurum_ogrenci_no,2675,3250,2244,3250,2244,2873,2675,2873
TRAIN,out/46_flipX.jpg,sinif_sube,1151,3801,1017,3801,1017,2923,1151,2923
TRAIN,out/46_flipX.jpg,sayisal,1872,2774,1532,2774,1532,1959,1872,1959
TRAIN,out/46_flipX.jpg,bilgiler_elle,1032,3798,446,3798,446,3352,1032,3352
TRAIN,out/46_flipX.jpg,bilgiler_elle,2797,3834,2241,3834,2241,3396,2797,3396
TRAIN,out/46_flipX.jpg,kitapcik_cinsiyet,2651,3387,2244,3387,2244,3262,2651,3262
TRAIN,out/46_flipX.jpg,sinif_sube,2955,3834,2782,3834,2782,2962,2955,2962
TRAIN,out/46_flipX.jpg,sayisal,3752,2795,3342,2795,3342,2003,3752,2003
TRAIN,out/46_flipX.jpg,kenarcizgi,2258,3846,2169,3846,2169,1992,2258,1992
TRAIN,out/46_flipX.jpg,tc,2645,2858,2244,2858,2244,2456,2645,2456
TRAIN,out/46_flipX.jpg,sinif_sube,1854,3831,1145,3831,1145,2852,1854,2852
TRAIN,out/46_flipX.jpg,tc,776,2807,419,2807,419,2420,776,2420
TRAIN,out/46_flipX.jpg,soyadi_adi,3666,3852,2910,3852,2910,2896,3666,2896
TRAIN,out/46_flipX.jpg,kitapcik_cinsiyet,857,3355,422,3355,422,3218,857,3218
TRAIN,out/46_flipX.jpg,sozel,1517,2756,860,2756,860,1932,1517,1932
TRAIN,out/63_flipX.jpg,tc,2217,2408,1717,2408,1717,1959,2217,1959
TRAIN,out/63_flipX.jpg,bilgiler_elle,1008,2688,413,2688,413,1959,1008,1959
TRAIN,out/63_flipX.jpg,sayisal,2824,3759,1827,3759,1827,3352,2824,3352
TRAIN,out/63_flipX.jpg,cevaplar,2806,3762,1732,3762,1732,2512,2806,2512
TRAIN,out/63_flipX.jpg,kitapcik_cinsiyet,1193,2483,1020,2483,1020,1950,1193,1950
TRAIN,out/63_flipX.jpg,soyadi_adi,1711,3759,407,3759,407,2870,1711,2870
TRAIN,out/63_flipX.jpg,sinif_sube,1604,2864,410,2864,410,2697,1604,2697
TRAIN,out/63_flipX.jpg,kenarcizgi,2815,1926,392,1926,392,1849,2815,1849
TRAIN,out/63_flipX.jpg,sozel,2824,3316,1827,3316,1827,2498,2824,2498
TRAIN,out/63_flipX.jpg,kurum_ogrenci_no,1711,2489,1214,2489,1214,1944,1711,1944
TRAIN,out/36_flipX.jpg,kenarcizgi,2828,2119,511,2119,511,2034,2828,2034
TRAIN,out/36_flipX.jpg,bilgiler_elle,1074,2817,511,2817,511,2106,1074,2106
TRAIN,out/36_flipX.jpg,sinif_sube,1626,2991,498,2991,498,2812,1626,2812
TRAIN,out/36_flipX.jpg,kitapcik_cinsiyet,1260,2625,1099,2625,1099,2129,1260,2129
TRAIN,out/36_flipX.jpg,sozel,2813,3492,1841,3492,1841,2674,2813,2674
TRAIN,out/36_flipX.jpg,cevaplar,2820,3934,1728,3934,1728,2674,2820,2674
TRAIN,out/36_flipX.jpg,kurum_ogrenci_no,1749,2640,1276,2640,1276,2129,1749,2129
TRAIN,out/36_flipX.jpg,sayisal,2800,3929,1826,3929,1826,3476,2800,3476
TRAIN,out/36_flipX.jpg,tc,2250,2579,1767,2579,1767,2142,2250,2142
TRAIN,out/36_flipX.jpg,kenarcizgi,2851,1973,531,1973,531,1863,2851,1863
TRAIN,out/36_flipX.jpg,soyadi_adi,1731,3880,457,3880,457,2980,1731,2980
TRAIN,out/38_flipX.jpg,bilgiler_elle,848,3849,264,3849,264,3393,848,3393
TRAIN,out/38_flipX.jpg,sayisal,3574,2646,3181,2646,3181,1828,3574,1828
TRAIN,out/38_flipX.jpg,cevaplar,1696,2855,681,2855,681,1959,1696,1959
TRAIN,out/38_flipX.jpg,bilgiler_elle,2627,3756,2041,3756,2041,3289,2627,3289
TRAIN,out/38_flipX.jpg,kurum_ogrenci_no,2476,3134,2044,3134,2044,2742,2476,2742
TRAIN,out/38_flipX.jpg,soyadi_adi,1684,3858,976,3858,976,2867,1684,2867
TRAIN,out/38_flipX.jpg,kitapcik_cinsiyet,687,3387,250,3387,250,3245,687,3245
TRAIN,out/38_flipX.jpg,sozel,1339,2774,681,2774,681,1965,1339,1965
TRAIN,out/38_flipX.jpg,kenarcizgi,2035,3774,1979,3774,1979,1798,2035,1798
TRAIN,out/38_flipX.jpg,kurum_ogrenci_no,675,3245,247,3245,247,2855,675,2855
TRAIN,out/38_flipX.jpg,kitapcik_cinsiyet,2464,3277,2050,3277,2050,3140,2464,3140
TRAIN,out/38_flipX.jpg,soyadi_adi,3517,3753,2767,3753,2767,2739,3517,2739
TRAIN,out/38_flipX.jpg,sinif_sube,2770,3751,2622,3751,2622,2825,2770,2825
TRAIN,out/38_flipX.jpg,sayisal,1681,2786,1354,2786,1354,1974,1681,1974
TRAIN,out/38_flipX.jpg,tc,604,2834,232,2834,232,2435,604,2435
TRAIN,out/38_flipX.jpg,sinif_sube,976,3852,854,3852,854,2944,976,2944
TRAIN,out/38_flipX.jpg,sozel,3205,2643,2505,2643,2505,1807,3205,1807
TRAIN,out/38_flipX.jpg,cevaplar,3574,2724,2505,2724,2505,1807,3574,1807
TRAIN,out/38_flipX.jpg,kenarcizgi,255,3878,136,3878,136,1953,255,1953
TRAIN,out/38_flipX.jpg,tc,2425,2733,2050,2733,2050,2310,2425,2310
TRAIN,out/44_flipX.jpg,kenarcizgi,2848,2057,571,2057,571,2000,2848,2000
TRAIN,out/44_flipX.jpg,soyadi_adi,1800,3774,577,3774,577,2929,1800,2929
TRAIN,out/44_flipX.jpg,kitapcik_cinsiyet,1327,2590,1142,2590,1142,2081,1327,2081
TRAIN,out/44_flipX.jpg,kurum_ogrenci_no,1803,2584,1330,2584,1330,2087,1803,2087
TRAIN,out/44_flipX.jpg,cevaplar,2845,3780,1797,3780,1797,2602,2845,2602
TRAIN,out/44_flipX.jpg,sinif_sube,1693,2917,589,2917,589,2765,1693,2765
TRAIN,out/44_flipX.jpg,bilgiler_elle,1151,2774,595,2774,595,2078,1151,2078
TRAIN,out/44_flipX.jpg,sayisal,2836,3783,1907,3783,1907,3399,2836,3399
TRAIN,out/44_flipX.jpg,sozel,2833,3375,1907,3375,1907,2611,2833,2611
TRAIN,out/44_flipX.jpg,tc,2288,2527,1800,2527,1800,2072,2288,2072
TRAIN,out/67_flipX.jpg,kitapcik_cinsiyet,2544,3313,2122,3313,2122,3176,2544,3176
TRAIN,out/67_flipX.jpg,soyadi_adi,3586,3798,2812,3798,2812,2783,3586,2783
TRAIN,out/67_flipX.jpg,sozel,1357,2652,651,2652,651,1801,1357,1801
TRAIN,out/67_flipX.jpg,tc,2520,2762,2119,2762,2119,2361,2520,2361
TRAIN,out/67_flipX.jpg,sinif_sube,2842,3786,2684,3786,2684,2881,2842,2881
TRAIN,out/67_flipX.jpg,kurum_ogrenci_no,651,3134,208,3134,208,2727,651,2727
TRAIN,out/67_flipX.jpg,cevaplar,1711,2753,645,2753,645,1789,1711,1789
TRAIN,out/67_flipX.jpg,cevaplar,3681,2780,2586,2780,2586,1858,3681,1858
TRAIN,out/67_flipX.jpg,kenarcizgi,2139,3795,2044,3795,2044,1834,2139,1834
TRAIN,out/67_flipX.jpg,soyadi_adi,2702,3786,2110,3786,2110,3328,2702,3328
TRAIN,out/67_flipX.jpg,soyadi_adi,1717,3777,979,3777,979,2753,1717,2753
TRAIN,out/67_flipX.jpg,sayisal,3672,2697,3247,2697,3247,1867,3672,1867
TRAIN,out/67_flipX.jpg,kitapcik_cinsiyet,660,3274,238,3274,238,3146,660,3146
TRAIN,out/67_flipX.jpg,bilgiler_elle,833,3753,235,3753,235,3307,833,3307
TRAIN,out/67_flipX.jpg,sozel,3303,2691,2580,2691,2580,1849,3303,1849
TRAIN,out/67_flipX.jpg,kenarcizgi,226,3762,83,3762,83,1765,226,1765
TRAIN,out/67_flipX.jpg,sinif_sube,973,3753,848,3753,848,2843,973,2843
TRAIN,out/67_flipX.jpg,tc,589,2712,196,2712,196,2289,589,2289
TRAIN,out/67_flipX.jpg,sayisal,1714,2658,1366,2658,1366,1825,1714,1825
TRAIN,out/67_flipX.jpg,kurum_ogrenci_no,2550,3173,2116,3173,2116,2771,2550,2771
TRAIN,out/76_flipX.jpg,sozel,1591,356,701,356,701,-725,1591,-725
TRAIN,out/76_flipX.jpg,kitapcik_cinsiyet,649,1246,86,1246,86,1058,649,1058
TRAIN,out/76_flipX.jpg,sinif_sube,1057,1909,875,1909,875,621,1057,621
TRAIN,out/76_flipX.jpg,tc,572,491,67,491,67,-62,572,-62
TRAIN,out/76_flipX.jpg,bilgiler_elle,875,1919,57,1919,57,1241,875,1241
TRAIN,out/76_flipX.jpg,sayisal,2072,361,1596,361,1596,-725,2072,-725
TRAIN,out/76_flipX.jpg,kurum_ogrenci_no,663,1039,62,1039,62,500,663,500
TRAIN,out/76_flipX.jpg,soyadi_adi,2052,1914,1038,1914,1038,496,2052,496
TRAIN,out/76_flipX.jpg,cevaplar,2076,462,687,462,687,-725,2076,-725
TRAIN,out/61_flipX.jpg,kurum_ogrenci_no,755,3203,303,3203,303,2807,755,2807
TRAIN,out/61_flipX.jpg,kenarcizgi,342,3834,166,3834,166,1867,342,1867
TRAIN,out/61_flipX.jpg,soyadi_adi,3645,3777,2883,3777,2883,2777,3645,2777
TRAIN,out/61_flipX.jpg,soyadi_adi,1803,3819,1083,3819,1083,2816,1803,2816
TRAIN,out/61_flipX.jpg,kitapcik_cinsiyet,2610,3310,2178,3310,2178,3182,2610,3182
TRAIN,out/61_flipX.jpg,sayisal,1800,2736,1476,2736,1476,1908,1800,1908
TRAIN,out/61_flipX.jpg,bilgiler_elle,949,3819,336,3819,336,3361,949,3361
TRAIN,out/61_flipX.jpg,bilgiler_elle,2764,3789,2166,3789,2166,3325,2764,3325
TRAIN,out/61_flipX.jpg,sayisal,3750,2682,3324,2682,3324,1864,3750,1864
TRAIN,out/61_flipX.jpg,tc,681,2804,282,2804,282,2384,681,2384
TRAIN,out/61_flipX.jpg,sinif_sube,2922,3777,2747,3777,2747,2861,2922,2861
TRAIN,out/61_flipX.jpg,kurum_ogrenci_no,2622,3173,2184,3173,2184,2771,2622,2771
TRAIN,out/61_flipX.jpg,kenarcizgi,2193,3798,2116,3798,2116,1828,2193,1828
TRAIN,out/61_flipX.jpg,sozel,3369,2676,2657,2676,2657,1861,3369,1861
TRAIN,out/61_flipX.jpg,sinif_sube,1092,3816,955,3816,955,2902,1092,2902
TRAIN,out/61_flipX.jpg,kitapcik_cinsiyet,773,3355,327,3355,327,3215,773,3215
TRAIN,out/61_flipX.jpg,cevaplar,3767,2753,2654,2753,2654,1858,3767,1858
TRAIN,out/61_flipX.jpg,sozel,1449,2712,744,2712,744,1884,1449,1884
TRAIN,out/61_flipX.jpg,tc,2574,2765,2199,2765,2199,2355,2574,2355
TRAIN,out/61_flipX.jpg,cevaplar,1803,2804,767,2804,767,1878,1803,1878
TRAIN,out/11_flipX.jpg,cevaplar,1667,309,757,309,757,-813,1667,-813
TRAIN,out/11_flipX.jpg,sinif_sube,1122,1817,947,1817,947,563,1122,563
TRAIN,out/11_flipX.jpg,kenarcizgi,127,1833,5,1833,5,-797,127,-797
TRAIN,out/11_flipX.jpg,kurum_ogrenci_no,725,997,132,997,132,446,725,446
TRAIN,out/11_flipX.jpg,soyadi_adi,2138,1848,1132,1848,1132,452,2138,452
TRAIN,out/11_flipX.jpg,sayisal,2186,330,1678,330,1678,-808,2186,-808
TRAIN,out/11_flipX.jpg,kitapcik_cinsiyet,735,1208,148,1208,148,1002,735,1002
TRAIN,out/11_flipX.jpg,tc,640,446,116,446,116,-136,640,-136
TRAIN,out/11_flipX.jpg,bilgiler_elle,952,1833,174,1833,174,1198,952,1198
TRAIN,out/11_flipX.jpg,cevaplar,2181,430,735,430,735,-818,2181,-818
TRAIN,out/81_flipX.jpg,kenarcizgi,3860,3956,3714,3956,3714,2054,3860,2054
TRAIN,out/81_flipX.jpg,kurum_ogrenci_no,1925,3030,1520,3030,1520,2670,1925,2670
TRAIN,out/81_flipX.jpg,soyadi_adi,3011,3027,2315,3027,2315,2072,3011,2072
TRAIN,out/81_flipX.jpg,kenarcizgi,2002,3893,1943,3893,1943,2054,2002,2054
TRAIN,out/81_flipX.jpg,kitapcik_cinsiyet,1916,2655,1526,2655,1526,2527,1916,2527
TRAIN,out/81_flipX.jpg,kenarcizgi,321,3908,154,3908,154,2069,321,2069
TRAIN,out/81_flipX.jpg,sinif_sube,3116,2956,2997,2956,2997,2072,3116,2072
TRAIN,out/81_flipX.jpg,sayisal,857,3908,482,3908,482,3140,857,3140
TRAIN,out/81_flipX.jpg,soyadi_adi,1261,3030,556,3030,556,2096,1261,2096
TRAIN,out/81_flipX.jpg,tc,1925,3426,1577,3426,1577,3033,1925,3033
TRAIN,out/81_flipX.jpg,sinif_sube,1377,2947,1255,2947,1255,2102,1377,2102
TRAIN,out/81_flipX.jpg,kitapcik_cinsiyet,3720,2646,3300,2646,3300,2521,3720,2521
TRAIN,out/81_flipX.jpg,cevaplar,3330,3935,2312,3935,2312,3039,3330,3039
TRAIN,out/81_flipX.jpg,sozel,3327,3929,2657,3929,2657,3131,3327,3131
TRAIN,out/81_flipX.jpg,sozel,1508,3902,857,3902,857,3125,1508,3125
TRAIN,out/81_flipX.jpg,kurum_ogrenci_no,3720,3042,3309,3042,3309,2667,3720,2667
TRAIN,out/81_flipX.jpg,bilgiler_elle,3696,2503,3136,2503,3136,2072,3696,2072
TRAIN,out/81_flipX.jpg,bilgiler_elle,1922,2518,1380,2518,1380,2081,1922,2081
TRAIN,out/81_flipX.jpg,tc,3750,3441,3380,3441,3380,3048,3750,3048
TRAIN,out/81_flipX.jpg,sayisal,2660,3920,2312,3920,2312,3125,2660,3125
TRAIN,out/81_flipX.jpg,cevaplar,1508,3911,511,3911,511,3048,1508,3048
TRAIN,out/91_flipX.jpg,kitapcik_cinsiyet,1303,2438,1119,2438,1119,1861,1303,1861
TRAIN,out/91_flipX.jpg,sinif_sube,1717,2828,500,2828,500,2664,1717,2664
TRAIN,out/91_flipX.jpg,tc,2392,2358,1866,2358,1866,1870,2392,1870
TRAIN,out/91_flipX.jpg,kenarcizgi,3065,1837,458,1837,458,1756,3065,1756
TRAIN,out/91_flipX.jpg,sozel,3050,3352,1970,3352,1970,2474,3050,2474
TRAIN,out/91_flipX.jpg,kurum_ogrenci_no,1842,2441,1330,2441,1330,1870,1842,1870
TRAIN,out/91_flipX.jpg,cevaplar,3050,3840,1857,3840,1857,2474,3050,2474
TRAIN,out/91_flipX.jpg,soyadi_adi,1845,3795,494,3795,494,2843,1845,2843
TRAIN,out/91_flipX.jpg,bilgiler_elle,1104,2655,482,2655,482,1873,1104,1873
TRAIN,out/91_flipX.jpg,sayisal,3044,3834,1967,3834,1967,3375,3044,3375
TRAIN,out/90_flipX.jpg,kenarcizgi,3595,3995,1244,3995,1244,3682,3595,3682
TRAIN,out/90_flipX.jpg,sayisal,2125,2536,1038,2536,1038,2018,2125,2018
TRAIN,out/90_flipX.jpg,tc,2330,3834,1821,3834,1821,3367,2330,3367
TRAIN,out/90_flipX.jpg,kitapcik_cinsiyet,3002,3739,2821,3739,2821,3227,3002,3227
TRAIN,out/90_flipX.jpg,soyadi_adi,3559,2917,2223,2917,2223,1893,3559,1893
TRAIN,out/90_flipX.jpg,bilgiler_elle,3574,3715,2985,3715,2985,2977,3574,2977
TRAIN,out/90_flipX.jpg,sozel,2193,3381,1116,3381,1116,2492,2193,2492
TRAIN,out/90_flipX.jpg,sinif_sube,3556,2989,2386,2989,2386,2810,3556,2810
TRAIN,out/90_flipX.jpg,kurum_ogrenci_no,2830,3786,2315,3786,2315,3245,2830,3245
TRAIN,out/90_flipX.jpg,cevaplar,2288,3381,1038,3381,1038,2009,2288,2009
TRAIN,out/0_flipX.jpg,bilgiler_elle,1110,1938,341,1938,341,1347,1110,1347
TRAIN,out/0_flipX.jpg,sayisal,2221,486,1774,486,1774,-605,2221,-605
TRAIN,out/0_flipX.jpg,kurum_ogrenci_no,865,1135,326,1135,326,621,865,621
TRAIN,out/0_flipX.jpg,sozel,1745,486,879,486,879,-605,1745,-605
TRAIN,out/0_flipX.jpg,sinif_sube,1288,1943,1125,1943,1125,726,1288,726
TRAIN,out/0_flipX.jpg,soyadi_adi,2230,1948,1274,1948,1274,616,2230,616
TRAIN,out/0_flipX.jpg,tc,778,616,293,616,293,87,778,87
TRAIN,out/0_flipX.jpg,cevaplar,2230,592,865,592,865,-610,2230,-610
TRAIN,out/0_flipX.jpg,kitapcik_cinsiyet,875,1323,350,1323,350,1150,875,1150
TRAIN,out/0_flipX.jpg,kenarcizgi,326,1962,168,1962,168,-548,326,-548
TRAIN,out/64_flipX.jpg,cevaplar,2866,3867,1729,3867,1729,2575,2866,2575
TRAIN,out/64_flipX.jpg,sozel,2845,3411,1824,3411,1824,2572,2845,2572
TRAIN,out/64_flipX.jpg,kenarcizgi,2794,2066,407,2066,407,1923,2794,1923
TRAIN,out/64_flipX.jpg,kurum_ogrenci_no,1702,2602,1202,2602,1202,2063,1702,2063
TRAIN,out/64_flipX.jpg,kitapcik_cinsiyet,1196,2599,1020,2599,1020,2078,1196,2078
TRAIN,out/64_flipX.jpg,tc,2205,2509,1711,2509,1711,2051,2205,2051
TRAIN,out/64_flipX.jpg,bilgiler_elle,1011,2798,431,2798,431,2084,1011,2084
TRAIN,out/64_flipX.jpg,sinif_sube,1589,2965,440,2965,440,2822,1589,2822
TRAIN,out/64_flipX.jpg,soyadi_adi,1711,3867,437,3867,437,2971,1711,2971
TRAIN,out/64_flipX.jpg,sayisal,2860,3870,1836,3870,1836,3426,2860,3426
TRAIN,out/53_flipX.jpg,sayisal,3630,2712,3232,2712,3232,1911,3630,1911
TRAIN,out/53_flipX.jpg,sinif_sube,1005,3762,892,3762,892,2875,1005,2875
TRAIN,out/53_flipX.jpg,cevaplar,1726,2780,684,2780,684,1873,1726,1873
TRAIN,out/53_flipX.jpg,kitapcik_cinsiyet,714,3307,294,3307,294,3176,714,3176
TRAIN,out/53_flipX.jpg,tc,619,2768,244,2768,244,2367,619,2367
TRAIN,out/53_flipX.jpg,kurum_ogrenci_no,2550,3158,2125,3158,2125,2786,2550,2786
TRAIN,out/53_flipX.jpg,sayisal,1708,2712,1377,2712,1377,1884,1708,1884
TRAIN,out/53_flipX.jpg,kenarcizgi,2160,3756,2068,3756,2068,1893,2160,1893
TRAIN,out/53_flipX.jpg,soyadi_adi,1708,3765,1005,3765,1005,2795,1708,2795
TRAIN,out/53_flipX.jpg,kurum_ogrenci_no,702,3170,267,3170,267,2783,702,2783
TRAIN,out/53_flipX.jpg,kitapcik_cinsiyet,2535,3298,2130,3298,2130,3179,2535,3179
TRAIN,out/53_flipX.jpg,kenarcizgi,303,3771,136,3771,136,1873,303,1873
TRAIN,out/53_flipX.jpg,cevaplar,3630,2786,2574,2786,2574,1896,3630,1896
TRAIN,out/53_flipX.jpg,bilgiler_elle,2684,3751,2119,3751,2119,3310,2684,3310
TRAIN,out/53_flipX.jpg,soyadi_adi,3532,3753,2797,3753,2797,2801,3532,2801
TRAIN,out/53_flipX.jpg,sozel,1354,2697,690,2697,690,1881,1354,1881
TRAIN,out/53_flipX.jpg,sinif_sube,2833,3742,2669,3742,2669,2884,2833,2884
TRAIN,out/53_flipX.jpg,tc,2517,2783,2154,2783,2154,2381,2517,2381
TRAIN,out/53_flipX.jpg,bilgiler_elle,883,3765,306,3765,306,3313,883,3313
TRAIN,out/53_flipX.jpg,sozel,3273,2703,2583,2703,2583,1893,3273,1893
TRAIN,out/51_flipX.jpg,soyadi_adi,3607,2864,2318,2864,2318,1917,3607,1917
TRAIN,out/51_flipX.jpg,kenarcizgi,3633,3893,1312,3893,1312,3709,3633,3709
TRAIN,out/51_flipX.jpg,bilgiler_elle,3610,3712,3035,3712,3035,2983,3610,2983
TRAIN,out/51_flipX.jpg,sinif_sube,3595,2983,2446,2983,2446,2837,3595,2837
TRAIN,out/51_flipX.jpg,kurum_ogrenci_no,2848,3745,2351,3745,2351,3218,2848,3218
TRAIN,out/51_flipX.jpg,kitapcik_cinsiyet,3032,3721,2857,3721,2857,3218,3032,3218
TRAIN,out/51_flipX.jpg,sozel,2232,3268,1217,3268,1217,2438,2232,2438
TRAIN,out/51_flipX.jpg,cevaplar,2324,3265,1190,3265,1190,1980,2324,1980
TRAIN,out/51_flipX.jpg,sayisal,2202,2447,1187,2447,1187,1947,2202,1947
TRAIN,out/51_flipX.jpg,tc,2360,3771,1860,3771,1860,3313,2360,3313
TRAIN,out/21_flipX.jpg,tc,2232,2387,1677,2387,1677,1873,2232,1873
TRAIN,out/21_flipX.jpg,kitapcik_cinsiyet,1089,2461,897,2461,897,1873,1089,1873
TRAIN,out/21_flipX.jpg,sinif_sube,1531,2875,248,2875,248,2702,1531,2702
TRAIN,out/21_flipX.jpg,sozel,2905,3418,1782,3418,1782,2505,2905,2505
TRAIN,out/21_flipX.jpg,kenarcizgi,2913,1840,219,1840,219,1804,2913,1804
TRAIN,out/21_flipX.jpg,cevaplar,2897,3924,1675,3924,1675,2510,2897,2510
TRAIN,out/21_flipX.jpg,sayisal,2897,3931,1777,3931,1777,3441,2897,3441
TRAIN,out/21_flipX.jpg,bilgiler_elle,882,2679,240,2679,240,1881,882,1881
TRAIN,out/21_flipX.jpg,soyadi_adi,1649,3893,225,3893,225,2881,1649,2881
TRAIN,out/21_flipX.jpg,kurum_ogrenci_no,1654,2466,1102,2466,1102,1871,1654,1871
TRAIN,out/26_flipX.jpg,kitapcik_cinsiyet,2682,3356,2253,3356,2253,3221,2682,3221
TRAIN,out/26_flipX.jpg,tc,780,2819,396,2819,396,2410,780,2410
TRAIN,out/26_flipX.jpg,sozel,3429,2697,2713,2697,2713,1837,3429,1837
TRAIN,out/26_flipX.jpg,sinif_sube,1179,3852,1051,3852,1051,2919,1179,2919
TRAIN,out/26_flipX.jpg,kenarcizgi,2227,3855,2184,3855,2184,1866,2227,1866
TRAIN,out/26_flipX.jpg,tc,2634,2791,2250,2791,2250,2369,2634,2369
TRAIN,out/26_flipX.jpg,kenarcizgi,450,3875,281,3875,281,1914,450,1914
TRAIN,out/26_flipX.jpg,sozel,1519,2725,818,2725,818,1889,1519,1889
TRAIN,out/26_flipX.jpg,kitapcik_cinsiyet,869,3384,445,3384,445,3244,869,3244
TRAIN,out/26_flipX.jpg,sinif_sube,3000,3834,2864,3834,2864,2899,3000,2899
TRAIN,out/26_flipX.jpg,kurum_ogrenci_no,2687,3200,2258,3200,2258,2806,2687,2806
TRAIN,out/26_flipX.jpg,cevaplar,1882,2806,818,2806,818,1873,1882,1873
TRAIN,out/26_flipX.jpg,sayisal,3813,2694,3419,2694,3419,1837,3813,1837
TRAIN,out/26_flipX.jpg,soyadi_adi,1900,3852,1158,3852,1158,2822,1900,2822
TRAIN,out/26_flipX.jpg,bilgiler_elle,2854,3839,2260,3839,2260,3364,2854,3364
TRAIN,out/26_flipX.jpg,cevaplar,3823,2776,2713,2776,2713,1835,3823,1835
TRAIN,out/26_flipX.jpg,bilgiler_elle,1048,3855,442,3855,442,3392,1048,3392
TRAIN,out/26_flipX.jpg,sayisal,1884,2720,1516,2720,1516,1873,1884,1873
TRAIN,out/26_flipX.jpg,kurum_ogrenci_no,864,3231,419,3231,419,2835,864,2835
TRAIN,out/26_flipX.jpg,soyadi_adi,3769,3845,3007,3845,3007,2794,3769,2794
TRAIN,out/70_flipX.jpg,soyadi_adi,1716,3860,409,3860,409,2950,1716,2950
TRAIN,out/70_flipX.jpg,cevaplar,2859,3873,1741,3873,1741,2597,2859,2597
TRAIN,out/70_flipX.jpg,bilgiler_elle,989,2771,393,2771,393,2032,989,2032
TRAIN,out/70_flipX.jpg,kurum_ogrenci_no,1703,2564,1202,2564,1202,2027,1703,2027
TRAIN,out/70_flipX.jpg,sayisal,2859,3873,1843,3873,1843,3446,2859,3446
TRAIN,out/70_flipX.jpg,sinif_sube,1601,2945,409,2945,409,2786,1601,2786
TRAIN,out/70_flipX.jpg,sozel,2854,3410,1841,3410,1841,2594,2854,2594
TRAIN,out/70_flipX.jpg,kitapcik_cinsiyet,1179,2566,1012,2566,1012,2032,1179,2032
TRAIN,out/70_flipX.jpg,tc,2235,2492,1728,2492,1728,2024,2235,2024
TRAIN,out/71_flipX.jpg,sozel,2867,3446,1826,3446,1826,2581,2867,2581
TRAIN,out/71_flipX.jpg,bilgiler_elle,984,2743,393,2743,393,2001,984,2001
TRAIN,out/71_flipX.jpg,kurum_ogrenci_no,1710,2548,1204,2548,1204,1986,1710,1986
TRAIN,out/71_flipX.jpg,cevaplar,2867,3916,1713,3916,1713,2587,2867,2587
TRAIN,out/71_flipX.jpg,tc,2237,2474,1723,2474,1723,2001,2237,2001
TRAIN,out/71_flipX.jpg,kitapcik_cinsiyet,1179,2535,1005,2535,1005,1993,1179,1993
TRAIN,out/71_flipX.jpg,soyadi_adi,1698,3873,347,3873,347,2924,1698,2924
TRAIN,out/71_flipX.jpg,sinif_sube,1585,2927,391,2927,391,2755,1585,2755
TRAIN,out/71_flipX.jpg,sayisal,2856,3919,1808,3919,1808,3446,2856,3446
TRAIN,out/73_flipX.jpg,tc,2375,2745,1997,2745,1997,2333,2375,2333
TRAIN,out/73_flipX.jpg,tc,501,2720,97,2720,97,2305,501,2305
TRAIN,out/73_flipX.jpg,sinif_sube,2721,3747,2554,3747,2554,2847,2721,2847
TRAIN,out/73_flipX.jpg,soyadi_adi,1626,3747,879,3747,879,2745,1626,2745
TRAIN,out/73_flipX.jpg,bilgiler_elle,774,3745,181,3745,181,3305,774,3305
TRAIN,out/73_flipX.jpg,cevaplar,3544,2740,2445,2740,2445,1822,3544,1822
TRAIN,out/73_flipX.jpg,kitapcik_cinsiyet,2411,3285,1997,3285,1997,3154,2411,3154
TRAIN,out/73_flipX.jpg,sozel,1253,2630,539,2630,539,1809,1253,1809
TRAIN,out/73_flipX.jpg,kenarcizgi,1987,3765,1925,3765,1925,1820,1987,1820
TRAIN,out/73_flipX.jpg,kurum_ogrenci_no,588,3129,135,3129,135,2740,588,2740
TRAIN,out/73_flipX.jpg,sozel,3166,2656,2450,2656,2450,1822,3166,1822
TRAIN,out/73_flipX.jpg,kurum_ogrenci_no,2421,3136,1997,3136,1997,2753,2421,2753
TRAIN,out/73_flipX.jpg,cevaplar,1613,2725,531,2725,531,1807,1613,1807
TRAIN,out/73_flipX.jpg,soyadi_adi,3465,3768,2695,3768,2695,2760,3465,2760
TRAIN,out/73_flipX.jpg,kitapcik_cinsiyet,595,3282,168,3282,168,3149,595,3149
TRAIN,out/73_flipX.jpg,sayisal,3547,2663,3135,2663,3135,1822,3547,1822
TRAIN,out/73_flipX.jpg,bilgiler_elle,2565,3747,1997,3747,1997,3302,2565,3302
TRAIN,out/73_flipX.jpg,sinif_sube,913,3750,782,3750,782,2835,913,2835
TRAIN,out/73_flipX.jpg,sayisal,1611,2645,1248,2645,1248,1809,1611,1809
TRAIN,out/73_flipX.jpg,kenarcizgi,186,3758,2,3758,2,1809,186,1809
TRAIN,out/73_flipX.jpg,kenarcizgi,3900,3770,3682,3770,3682,1848,3900,1848
TRAIN,out/48_flipX.jpg,kurum_ogrenci_no,2841,3898,2296,3898,2296,3295,2841,3295
TRAIN,out/48_flipX.jpg,sinif_sube,3734,3111,2439,3111,2439,2901,3734,2901
TRAIN,out/48_flipX.jpg,kenarcizgi,3736,3998,1066,3998,1066,3903,3736,3903
TRAIN,out/48_flipX.jpg,cevaplar,2319,3256,1094,3256,1094,1850,2319,1850
TRAIN,out/48_flipX.jpg,kitapcik_cinsiyet,3053,3903,2864,3903,2864,3328,3053,3328
TRAIN,out/48_flipX.jpg,soyadi_adi,3772,2927,2319,2927,2319,1906,3772,1906
TRAIN,out/48_flipX.jpg,bilgiler_elle,3731,3924,3069,3924,3069,3111,3731,3111
TRAIN,out/48_flipX.jpg,tc,2278,3883,1716,3883,1716,3366,2278,3366
TRAIN,out/93_flipX.jpg,soyadi_adi,1708,3814,386,3814,386,2881,1708,2881
TRAIN,out/93_flipX.jpg,tc,2245,2433,1728,2433,1728,1950,2245,1950
TRAIN,out/93_flipX.jpg,sozel,2864,3387,1833,3387,1833,2541,2864,2541
TRAIN,out/93_flipX.jpg,kitapcik_cinsiyet,1191,2497,1020,2497,1020,1960,1191,1960
TRAIN,out/93_flipX.jpg,bilgiler_elle,992,2697,419,2697,419,1960,992,1960
TRAIN,out/93_flipX.jpg,cevaplar,2874,3852,1723,3852,1723,2525,2874,2525
TRAIN,out/93_flipX.jpg,sayisal,2867,3852,1823,3852,1823,3384,2867,3384
TRAIN,out/93_flipX.jpg,kurum_ogrenci_no,1705,2505,1217,2505,1217,1958,1705,1958
TRAIN,out/93_flipX.jpg,sinif_sube,1598,2873,411,2873,411,2717,1598,2717
TRAIN,out/93_flipX.jpg,kenarcizgi,2867,1927,393,1927,393,1850,2867,1850
TRAIN,out/65_flipX.jpg,kenarcizgi,3526,3839,1107,3839,1107,3717,3526,3717
TRAIN,out/65_flipX.jpg,soyadi_adi,3506,2806,2194,2806,2194,1873,3506,1873
TRAIN,out/65_flipX.jpg,kurum_ogrenci_no,2708,3729,2207,3729,2207,3177,2708,3177
TRAIN,out/65_flipX.jpg,sayisal,2061,2326,1043,2326,1043,1904,2061,1904
TRAIN,out/65_flipX.jpg,sozel,2086,3175,1061,3175,1061,2367,2086,2367
TRAIN,out/65_flipX.jpg,bilgiler_elle,3516,3712,2915,3712,2915,2962,3516,2962
TRAIN,out/65_flipX.jpg,tc,2196,3732,1698,3732,1698,3262,2196,3262
TRAIN,out/65_flipX.jpg,cevaplar,2171,3180,1048,3180,1048,1891,2171,1891
TRAIN,out/65_flipX.jpg,kitapcik_cinsiyet,2905,3722,2726,3722,2726,3180,2905,3180
TRAIN,out/65_flipX.jpg,sinif_sube,3516,2957,2319,2957,2319,2796,3516,2796
TRAIN,out/57_flipX.jpg,kitapcik_cinsiyet,1289,2518,1102,2518,1102,1978,1289,1978
TRAIN,out/57_flipX.jpg,sayisal,3015,3824,1953,3824,1953,3389,3015,3389
TRAIN,out/57_flipX.jpg,sinif_sube,1695,2911,514,2911,514,2753,1695,2753
TRAIN,out/57_flipX.jpg,sozel,2994,3356,1938,3356,1938,2500,2994,2500
TRAIN,out/57_flipX.jpg,bilgiler_elle,1086,2743,503,2743,503,1988,1086,1988
TRAIN,out/57_flipX.jpg,soyadi_adi,1833,3834,519,3834,519,2899,1833,2899
TRAIN,out/57_flipX.jpg,cevaplar,3010,3829,1836,3829,1836,2500,3010,2500
TRAIN,out/57_flipX.jpg,kenarcizgi,2951,1973,475,1973,475,1809,2951,1809
TRAIN,out/57_flipX.jpg,tc,2340,2423,1810,2423,1810,1942,2340,1942
TRAIN,out/57_flipX.jpg,kurum_ogrenci_no,1808,2518,1276,2518,1276,1955,1808,1955
TRAIN,out/31_flipX.jpg,bilgiler_elle,920,2781,299,2781,299,2004,920,2004
TRAIN,out/31_flipX.jpg,kurum_ogrenci_no,1639,2520,1099,2520,1099,1963,1639,1963
TRAIN,out/31_flipX.jpg,sinif_sube,1547,2957,327,2957,327,2796,1547,2796
TRAIN,out/31_flipX.jpg,sozel,2874,3356,1772,3356,1772,2459,2874,2459
TRAIN,out/31_flipX.jpg,soyadi_adi,1700,3901,335,3901,335,2904,1700,2904
TRAIN,out/31_flipX.jpg,tc,2168,2415,1636,2415,1636,1914,2168,1914
TRAIN,out/31_flipX.jpg,kitapcik_cinsiyet,1099,2530,915,2530,915,1999,1099,1999
TRAIN,out/31_flipX.jpg,cevaplar,2907,3839,1680,3839,1680,2459,2907,2459
TRAIN,out/31_flipX.jpg,kenarcizgi,2762,2016,276,2016,276,1807,2762,1807
TRAIN,out/31_flipX.jpg,sayisal,2913,3842,1815,3842,1815,3349,2913,3349
TRAIN,out/66_flipX.jpg,bilgiler_elle,803,3770,207,3770,207,3323,803,3323
TRAIN,out/66_flipX.jpg,sinif_sube,938,3768,808,3768,808,2852,938,2852
TRAIN,out/66_flipX.jpg,kenarcizgi,3856,3699,3744,3699,3744,1812,3856,1812
TRAIN,out/66_flipX.jpg,sozel,1253,2656,539,2656,539,1820,1253,1820
TRAIN,out/66_flipX.jpg,soyadi_adi,1644,3765,892,3765,892,2750,1644,2750
TRAIN,out/66_flipX.jpg,tc,511,2755,117,2755,117,2341,511,2341
TRAIN,out/66_flipX.jpg,soyadi_adi,3429,3714,2700,3714,2700,2694,3429,2694
TRAIN,out/66_flipX.jpg,cevaplar,1613,2740,537,2740,537,1812,1613,1812
TRAIN,out/66_flipX.jpg,sayisal,3465,2607,3102,2607,3102,1807,3465,1807
TRAIN,out/66_flipX.jpg,bilgiler_elle,2567,3727,1992,3727,1992,3267,2567,3267
TRAIN,out/66_flipX.jpg,sinif_sube,2695,3714,2575,3714,2575,2804,2695,2804
TRAIN,out/66_flipX.jpg,sayisal,1608,2645,1227,2645,1227,1814,1608,1814
TRAIN,out/66_flipX.jpg,kitapcik_cinsiyet,616,3315,194,3315,194,3180,616,3180
TRAIN,out/66_flipX.jpg,kenarcizgi,222,3799,2,3799,2,1863,222,1863
TRAIN,out/66_flipX.jpg,tc,2337,2717,1976,2717,1976,2305,2337,2305
TRAIN,out/66_flipX.jpg,kenarcizgi,1979,3752,1887,3752,1887,1809,1979,1809
TRAIN,out/66_flipX.jpg,kurum_ogrenci_no,603,3164,153,3164,153,2771,603,2771
TRAIN,out/66_flipX.jpg,sozel,3097,2625,2419,2625,2419,1809,3097,1809
TRAIN,out/66_flipX.jpg,kitapcik_cinsiyet,2401,3256,1994,3256,1994,3116,2401,3116
TRAIN,out/66_flipX.jpg,cevaplar,3465,2699,2416,2699,2416,1804,3465,1804
TRAIN,out/66_flipX.jpg,kurum_ogrenci_no,2398,3113,1982,3113,1982,2722,2398,2722
TRAIN,out/52_flipX.jpg,bilgiler_elle,2567,3788,1994,3788,1994,3346,2567,3346
TRAIN,out/52_flipX.jpg,sinif_sube,1012,3793,897,3793,897,2896,1012,2896
TRAIN,out/52_flipX.jpg,kurum_ogrenci_no,2416,3180,1997,3180,1997,2799,2416,2799
TRAIN,out/52_flipX.jpg,kenarcizgi,3961,3788,3769,3788,3769,1860,3961,1860
TRAIN,out/52_flipX.jpg,tc,613,2799,222,2799,222,2392,613,2392
TRAIN,out/52_flipX.jpg,soyadi_adi,3450,3799,2695,3799,2695,2804,3450,2804
TRAIN,out/52_flipX.jpg,kitapcik_cinsiyet,703,3338,291,3338,291,3210,703,3210
TRAIN,out/52_flipX.jpg,cevaplar,3514,2781,2437,2781,2437,1878,3514,1878
TRAIN,out/52_flipX.jpg,kenarcizgi,306,3814,125,3814,125,1906,306,1906
TRAIN,out/52_flipX.jpg,sozel,1342,2702,639,2702,639,1881,1342,1881
TRAIN,out/52_flipX.jpg,sayisal,3514,2699,3115,2699,3115,1883,3514,1883
TRAIN,out/52_flipX.jpg,sinif_sube,2708,3793,2565,3793,2565,2893,2708,2893
TRAIN,out/52_flipX.jpg,soyadi_adi,1708,3796,987,3796,987,2799,1708,2799
TRAIN,out/52_flipX.jpg,tc,2363,2791,1992,2791,1992,2387,2363,2387
TRAIN,out/52_flipX.jpg,kenarcizgi,1976,3809,1928,3809,1928,1886,1976,1886
TRAIN,out/52_flipX.jpg,cevaplar,1700,2781,647,2781,647,1873,1700,1873
TRAIN,out/52_flipX.jpg,sozel,3132,2704,2439,2704,2439,1876,3132,1876
TRAIN,out/52_flipX.jpg,kitapcik_cinsiyet,2406,3328,1997,3328,1997,3190,2406,3190
TRAIN,out/52_flipX.jpg,kurum_ogrenci_no,698,3190,258,3190,258,2817,698,2817
TRAIN,out/52_flipX.jpg,bilgiler_elle,882,3801,299,3801,299,3361,882,3361
TRAIN,out/52_flipX.jpg,sayisal,1700,2699,1340,2699,1340,1876,1700,1876
TRAIN,out/72_flipX.jpg,sinif_sube,1580,2842,332,2842,332,2674,1580,2674
TRAIN,out/72_flipX.jpg,soyadi_adi,1731,3816,332,3816,332,2783,1731,2783
TRAIN,out/72_flipX.jpg,tc,2219,2298,1670,2298,1670,1807,2219,1807
TRAIN,out/72_flipX.jpg,sayisal,2982,3758,1851,3758,1851,3246,2982,3246
TRAIN,out/72_flipX.jpg,sozel,2938,3256,1810,3256,1810,2333,2938,2333
TRAIN,out/72_flipX.jpg,kitapcik_cinsiyet,1138,2413,941,2413,941,1873,1138,1873
TRAIN,out/72_flipX.jpg,cevaplar,2974,3750,1713,3750,1713,2331,2974,2331
TRAIN,out/72_flipX.jpg,kurum_ogrenci_no,1675,2408,1135,2408,1135,1832,1675,1832
TRAIN,out/72_flipX.jpg,bilgiler_elle,941,2663,327,2663,327,1881,941,1881
TRAIN,out/88_flipX.jpg,sinif_sube,3690,3026,2447,3026,2447,2842,3690,2842
TRAIN,out/88_flipX.jpg,soyadi_adi,3726,2850,2340,2850,2340,1883,3726,1883
TRAIN,out/88_flipX.jpg,kurum_ogrenci_no,2836,3793,2319,3793,2319,3228,2836,3228
TRAIN,out/88_flipX.jpg,sozel,2212,3200,1168,3200,1168,2321,2212,2321
TRAIN,out/88_flipX.jpg,kenarcizgi,3705,3896,1158,3896,1158,3809,3705,3809
TRAIN,out/88_flipX.jpg,kitapcik_cinsiyet,3043,3791,2864,3791,2864,3239,3043,3239
TRAIN,out/88_flipX.jpg,cevaplar,2319,3195,1158,3195,1158,1853,2319,1853
TRAIN,out/88_flipX.jpg,tc,2296,3783,1782,3783,1782,3292,2296,3292
TRAIN,out/88_flipX.jpg,sayisal,2222,2323,1168,2323,1168,1845,2222,1845
TRAIN,out/88_flipX.jpg,bilgiler_elle,3680,3799,3058,3799,3058,3034,3680,3034
TRAIN,out/19_flipX.jpg,bilgiler_elle,1069,2766,493,2766,493,2029,1069,2029
TRAIN,out/19_flipX.jpg,cevaplar,3040,3799,1815,3799,1815,2433,3040,2433
TRAIN,out/19_flipX.jpg,kurum_ogrenci_no,1782,2510,1271,2510,1271,1965,1782,1965
TRAIN,out/19_flipX.jpg,soyadi_adi,1849,3850,519,3850,519,2878,1849,2878
TRAIN,out/19_flipX.jpg,sozel,3007,3320,1913,3320,1913,2436,3007,2436
TRAIN,out/19_flipX.jpg,kitapcik_cinsiyet,1268,2523,1086,2523,1086,1993,1268,1993
TRAIN,out/19_flipX.jpg,sayisal,3043,3793,1959,3793,1959,3318,3043,3318
TRAIN,out/19_flipX.jpg,tc,2301,2408,1780,2408,1780,1909,2301,1909
TRAIN,out/19_flipX.jpg,sinif_sube,1687,2932,511,2932,511,2771,1687,2771
TRAIN,out/19_flipX.jpg,kenarcizgi,2890,2019,473,2019,473,1807,2890,1807
TRAIN,out/86_flipX.jpg,kurum_ogrenci_no,2746,3696,2263,3696,2263,3182,2746,3182
TRAIN,out/86_flipX.jpg,sozel,2145,3228,1120,3228,1120,2400,2145,2400
TRAIN,out/86_flipX.jpg,soyadi_adi,3516,2829,2222,2829,2222,1881,3516,1881
TRAIN,out/86_flipX.jpg,kitapcik_cinsiyet,2933,3668,2762,3668,2762,3175,2933,3175
TRAIN,out/86_flipX.jpg,sinif_sube,3506,2937,2360,2937,2360,2786,3506,2786
TRAIN,out/86_flipX.jpg,kenarcizgi,3524,3842,1230,3842,1230,3663,3524,3663
TRAIN,out/86_flipX.jpg,cevaplar,2227,3221,1084,3221,1084,1942,2227,1942
TRAIN,out/86_flipX.jpg,sayisal,2109,2395,1084,2395,1084,1940,2109,1940
TRAIN,out/86_flipX.jpg,bilgiler_elle,3514,3663,2943,3663,2943,2947,3514,2947
TRAIN,out/86_flipX.jpg,tc,2265,3727,1774,3727,1774,3272,2265,3272
TRAIN,out/40_flipX.jpg,kitapcik_cinsiyet,741,3310,347,3310,347,3182,741,3182
TRAIN,out/40_flipX.jpg,sinif_sube,2810,3729,2667,3729,2667,2899,2810,2899
TRAIN,out/40_flipX.jpg,sinif_sube,1040,3740,920,3740,920,2896,1040,2896
TRAIN,out/40_flipX.jpg,soyadi_adi,3480,3729,2782,3729,2782,2817,3480,2817
TRAIN,out/40_flipX.jpg,bilgiler_elle,913,3745,352,3745,352,3320,913,3320
TRAIN,out/40_flipX.jpg,kenarcizgi,2145,3745,2081,3745,2081,1965,2145,1965
TRAIN,out/40_flipX.jpg,sayisal,1708,2714,1370,2714,1370,1940,1708,1940
TRAIN,out/40_flipX.jpg,kitapcik_cinsiyet,2529,3297,2135,3297,2135,3180,2529,3180
TRAIN,out/40_flipX.jpg,soyadi_adi,1700,3742,1020,3742,1020,2801,1700,2801
TRAIN,out/40_flipX.jpg,sozel,1370,2707,703,2707,703,1932,1370,1932
TRAIN,out/40_flipX.jpg,kenarcizgi,355,3755,186,3755,186,1932,355,1932
TRAIN,out/40_flipX.jpg,cevaplar,3554,2794,2560,2794,2560,1963,3554,1963
TRAIN,out/40_flipX.jpg,kenarcizgi,3754,3729,3588,3729,3588,1981,3754,1981
TRAIN,out/40_flipX.jpg,tc,664,2786,291,2786,291,2408,664,2408
TRAIN,out/40_flipX.jpg,kurum_ogrenci_no,739,3170,322,3170,322,2806,739,2806
TRAIN,out/40_flipX.jpg,sozel,3219,2722,2554,2722,2554,1960,3219,1960
TRAIN,out/40_flipX.jpg,bilgiler_elle,2670,3724,2135,3724,2135,3315,2670,3315
TRAIN,out/40_flipX.jpg,sayisal,3554,2730,3196,2730,3196,1965,3554,1965
TRAIN,out/40_flipX.jpg,kitapcik_cinsiyet,3992,3290,3677,3290,3677,3180,3992,3180
TRAIN,out/40_flipX.jpg,cevaplar,1698,2781,705,2781,705,1942,1698,1942
TRAIN,out/40_flipX.jpg,tc,2501,2804,2148,2804,2148,2423,2501,2423
TRAIN,out/40_flipX.jpg,kurum_ogrenci_no,2539,3164,2140,3164,2140,2812,2539,2812
TRAIN,out/41_flipX.jpg,kitapcik_cinsiyet,1127,2469,953,2469,953,1947,1127,1947
TRAIN,out/41_flipX.jpg,cevaplar,2751,3804,1634,3804,1634,2525,2751,2525
TRAIN,out/41_flipX.jpg,tc,2150,2418,1654,2418,1654,1950,2150,1950
TRAIN,out/41_flipX.jpg,sozel,2749,3346,1746,3346,1746,2535,2749,2535
TRAIN,out/41_flipX.jpg,kurum_ogrenci_no,1644,2484,1145,2484,1145,1950,1644,1950
TRAIN,out/41_flipX.jpg,sayisal,2739,3806,1723,3806,1723,3356,2739,3356
TRAIN,out/41_flipX.jpg,soyadi_adi,1634,3765,306,3765,306,2842,1634,2842
TRAIN,out/41_flipX.jpg,kenarcizgi,2751,1917,327,1917,327,1840,2751,1840
TRAIN,out/41_flipX.jpg,bilgiler_elle,936,2674,342,2674,342,1932,936,1932
TRAIN,out/41_flipX.jpg,sinif_sube,1519,2842,340,2842,340,2676,1519,2676
TRAIN,out/82_flipX.jpg,sozel,1553,3959,881,3959,881,3150,1553,3150
TRAIN,out/82_flipX.jpg,soyadi_adi,1328,3056,599,3056,599,2083,1328,2083
TRAIN,out/82_flipX.jpg,kurum_ogrenci_no,1996,3072,1582,3072,1582,2690,1996,2690
TRAIN,out/82_flipX.jpg,kitapcik_cinsiyet,1988,2677,1598,2677,1598,2541,1988,2541
TRAIN,out/82_flipX.jpg,cevaplar,1561,3953,520,3953,520,3077,1561,3077
TRAIN,out/82_flipX.jpg,tc,1985,3469,1624,3469,1624,3077,1985,3077
TRAIN,out/82_flipX.jpg,sinif_sube,1454,2978,1308,2978,1308,2112,1454,2112
TRAIN,out/82_flipX.jpg,kenarcizgi,2077,3966,1990,3966,1990,2085,2077,2085
TRAIN,out/82_flipX.jpg,bilgiler_elle,2017,2538,1451,2538,1451,2104,2017,2104
TRAIN,out/82_flipX.jpg,sayisal,913,3940,525,3940,525,3140,913,3140
TRAIN,out/82_flipX.jpg,sozel,3374,3969,2686,3969,2686,3161,3374,3161
TRAIN,out/82_flipX.jpg,soyadi_adi,3037,3059,2330,3059,2330,2067,3037,2067
TRAIN,out/82_flipX.jpg,kenarcizgi,334,3909,170,3909,170,2070,334,2070
TRAIN,out/82_flipX.jpg,kurum_ogrenci_no,3761,3059,3332,3059,3332,2677,3761,2677
TRAIN,out/82_flipX.jpg,kitapcik_cinsiyet,3733,2664,3325,2664,3325,2528,3733,2528
TRAIN,out/82_flipX.jpg,cevaplar,3377,3974,2341,3974,2341,3090,3377,3090
TRAIN,out/82_flipX.jpg,tc,3793,3464,3416,3464,3416,3072,3793,3072
TRAIN,out/82_flipX.jpg,sinif_sube,3147,2975,3024,2975,3024,2078,3147,2078
TRAIN,out/82_flipX.jpg,kenarcizgi,3897,3951,3722,3951,3722,2057,3897,2057
TRAIN,out/82_flipX.jpg,bilgiler_elle,3730,2514,3149,2514,3149,2078,3730,2078
TRAIN,out/82_flipX.jpg,sayisal,2691,3969,2341,3969,2341,3163,2691,3163
TRAIN,out/77_flipX.jpg,sayisal,2238,398,1762,398,1762,-639,2238,-639
TRAIN,out/77_flipX.jpg,cevaplar,2238,494,902,494,902,-647,2238,-647
TRAIN,out/77_flipX.jpg,kurum_ogrenci_no,883,1002,337,1002,337,502,883,502
TRAIN,out/77_flipX.jpg,kenarcizgi,207,1843,115,1843,115,-608,207,-608
TRAIN,out/77_flipX.jpg,tc,810,491,326,491,326,-28,810,-28
TRAIN,out/77_flipX.jpg,bilgiler_elle,1067,1789,341,1789,341,1221,1067,1221
TRAIN,out/77_flipX.jpg,sinif_sube,1240,1789,1071,1789,1071,617,1240,617
TRAIN,out/77_flipX.jpg,kitapcik_cinsiyet,863,1194,337,1194,337,1025,863,1025
TRAIN,out/77_flipX.jpg,kenarcizgi,299,1820,234,1820,234,-647,299,-647
TRAIN,out/77_flipX.jpg,soyadi_adi,2180,1793,1240,1793,1240,506,2180,506
TRAIN,out/77_flipX.jpg,sozel,1762,391,902,391,902,-631,1762,-631
TRAIN,out/75_flipX.jpg,sinif_sube,2796,3655,2610,3655,2610,2781,2796,2781
TRAIN,out/75_flipX.jpg,kenarcizgi,272,3752,159,3752,159,1842,272,1842
TRAIN,out/75_flipX.jpg,soyadi_adi,1726,3786,1001,3786,1001,2805,1726,2805
TRAIN,out/75_flipX.jpg,soyadi_adi,3526,3681,2728,3681,2728,2700,3526,2700
TRAIN,out/75_flipX.jpg,kenarcizgi,2147,3645,1982,3645,1982,1764,2147,1764
TRAIN,out/75_flipX.jpg,sozel,3293,2622,2561,2622,2561,1758,3293,1758
TRAIN,out/75_flipX.jpg,tc,648,2768,256,2768,256,2352,648,2352
TRAIN,out/75_flipX.jpg,sinif_sube,1009,3762,873,3762,873,2886,1009,2886
TRAIN,out/75_flipX.jpg,cevaplar,1755,2815,727,2815,727,1881,1755,1881
TRAIN,out/75_flipX.jpg,bilgiler_elle,2623,3647,2058,3647,2058,3192,2623,3192
TRAIN,out/75_flipX.jpg,sayisal,3662,2640,3225,2640,3225,1800,3662,1800
TRAIN,out/75_flipX.jpg,kurum_ogrenci_no,706,3163,277,3163,277,2768,706,2768
TRAIN,out/75_flipX.jpg,sayisal,1747,2742,1410,2742,1410,1915,1747,1915
TRAIN,out/75_flipX.jpg,bilgiler_elle,871,3741,285,3741,285,3305,871,3305
TRAIN,out/75_flipX.jpg,kurum_ogrenci_no,2524,3056,2090,3056,2090,2669,2524,2669
TRAIN,out/75_flipX.jpg,cevaplar,3659,2705,2550,2705,2550,1761,3659,1761
TRAIN,out/75_flipX.jpg,sozel,1396,2724,727,2724,727,1866,1396,1866
TRAIN,out/75_flipX.jpg,kitapcik_cinsiyet,2485,3197,2077,3197,2077,3069,2485,3069
TRAIN,out/75_flipX.jpg,kitapcik_cinsiyet,706,3307,285,3307,285,3169,706,3169
TRAIN,out/75_flipX.jpg,tc,2498,2666,2111,2666,2111,2248,2498,2248
TRAIN,out/97_flipX.jpg,kurum_ogrenci_no,1844,2548,1308,2548,1308,1965,1844,1965
TRAIN,out/97_flipX.jpg,sozel,3086,3438,1988,3438,1988,2541,3086,2541
TRAIN,out/97_flipX.jpg,sinif_sube,1734,2962,486,2962,486,2797,1734,2797
TRAIN,out/97_flipX.jpg,cevaplar,3107,3940,1880,3940,1880,2543,3107,2543
TRAIN,out/97_flipX.jpg,sayisal,3107,3932,2001,3932,2001,3472,3107,3472
TRAIN,out/97_flipX.jpg,kenarcizgi,3042,1973,444,1973,444,1824,3042,1824
TRAIN,out/97_flipX.jpg,tc,2401,2457,1846,2457,1846,1962,2401,1962
TRAIN,out/97_flipX.jpg,bilgiler_elle,1098,2776,470,2776,470,1994,1098,1994
TRAIN,out/97_flipX.jpg,soyadi_adi,1865,3930,481,3930,481,2964,1865,2964
TRAIN,out/97_flipX.jpg,kitapcik_cinsiyet,1297,2546,1111,2546,1111,1999,1297,1999
TRAIN,out/58_flipX.jpg,soyadi_adi,1841,3817,551,3817,551,2899,1841,2899
TRAIN,out/58_flipX.jpg,kurum_ogrenci_no,1831,2517,1334,2517,1334,1970,1831,1970
TRAIN,out/58_flipX.jpg,tc,2357,2428,1839,2428,1839,1952,2357,1952
TRAIN,out/58_flipX.jpg,sayisal,3024,3841,1969,3841,1969,3394,3024,3394
TRAIN,out/58_flipX.jpg,kitapcik_cinsiyet,1321,2522,1137,2522,1137,1991,1321,1991
TRAIN,out/58_flipX.jpg,sinif_sube,1721,2910,546,2910,546,2755,1721,2755
TRAIN,out/58_flipX.jpg,sozel,3018,3357,1962,3357,1962,2514,3018,2514
TRAIN,out/58_flipX.jpg,kenarcizgi,2966,1999,533,1999,533,1826,2966,1826
TRAIN,out/58_flipX.jpg,bilgiler_elle,1122,2732,544,2732,544,1999,1122,1999
TRAIN,out/58_flipX.jpg,cevaplar,3018,3836,1867,3836,1867,2507,3018,2507
TRAIN,out/14_flipX.jpg,sinif_sube,2306,2262,2155,2262,2155,1478,2306,1478
TRAIN,out/14_flipX.jpg,kenarcizgi,209,2304,44,2304,44,611,209,611
TRAIN,out/14_flipX.jpg,kurum_ogrenci_no,2046,1728,1662,1728,1662,1371,2046,1371
TRAIN,out/14_flipX.jpg,soyadi_adi,1449,2304,819,2304,819,1423,1449,1423
TRAIN,out/14_flipX.jpg,sayisal,3009,1337,2683,1337,2683,593,3009,593
TRAIN,out/14_flipX.jpg,sayisal,1463,1354,1148,1354,1148,617,1463,617
TRAIN,out/14_flipX.jpg,cevaplar,1463,1413,531,1413,531,621,1463,621
TRAIN,out/14_flipX.jpg,bilgiler_elle,716,2290,198,2290,198,1923,716,1923
TRAIN,out/14_flipX.jpg,kitapcik_cinsiyet,568,1896,195,1896,195,1776,568,1776
TRAIN,out/14_flipX.jpg,bilgiler_elle,2155,2256,1638,2256,1638,1851,2155,1851
TRAIN,out/14_flipX.jpg,cevaplar,3012,1395,2063,1395,2063,563,3012,563
TRAIN,out/14_flipX.jpg,kenarcizgi,1693,2252,1579,2252,1579,559,1693,559
TRAIN,out/14_flipX.jpg,sinif_sube,836,2293,712,2293,712,1498,836,1498
TRAIN,out/14_flipX.jpg,kitapcik_cinsiyet,2028,1855,1658,1855,1658,1724,2028,1724
TRAIN,out/14_flipX.jpg,kurum_ogrenci_no,558,1772,167,1772,167,1423,558,1423
TRAIN,out/14_flipX.jpg,soyadi_adi,2964,2300,2255,2300,2255,1395,2964,1395
TRAIN,out/14_flipX.jpg,tc,496,1409,140,1409,140,1053,496,1053
TRAIN,out/14_flipX.jpg,tc,2025,1385,1672,1385,1672,1001,2025,1001
TRAIN,out/14_flipX.jpg,sozel,1154,1341,527,1341,527,607,1154,607
TRAIN,out/14_flipX.jpg,sozel,2731,1320,2073,1320,2073,563,2731,563
TRAIN,out/22_flipX.jpg,sinif_sube,1557,2911,365,2911,365,2750,1557,2750
TRAIN,out/22_flipX.jpg,tc,2186,2408,1657,2408,1657,1929,2186,1929
TRAIN,out/22_flipX.jpg,kitapcik_cinsiyet,1143,2512,956,2512,956,1986,1143,1986
TRAIN,out/22_flipX.jpg,sozel,2854,3336,1787,3336,1787,2469,2854,2469
TRAIN,out/22_flipX.jpg,soyadi_adi,1695,3845,358,3845,358,2883,1695,2883
TRAIN,out/22_flipX.jpg,bilgiler_elle,946,2740,368,2740,368,1993,946,1993
TRAIN,out/22_flipX.jpg,kenarcizgi,2777,1981,332,1981,332,1807,2777,1807
TRAIN,out/22_flipX.jpg,kurum_ogrenci_no,1659,2510,1148,2510,1148,1960,1659,1960
TRAIN,out/22_flipX.jpg,sayisal,2882,3822,1808,3822,1808,3354,2882,3354
TRAIN,out/22_flipX.jpg,cevaplar,2884,3814,1690,3814,1690,2472,2884,2472
TRAIN,out/7_flipX.jpg,kitapcik_cinsiyet,3726,3533,3335,3533,3335,3407,3726,3407
TRAIN,out/7_flipX.jpg,bilgiler_elle,780,3668,156,3668,156,3246,780,3246
TRAIN,out/7_flipX.jpg,sozel,1191,2602,432,2602,432,1814,1191,1814
TRAIN,out/7_flipX.jpg,bilgiler_elle,3838,3937,3276,3937,3276,3533,3838,3533
TRAIN,out/7_flipX.jpg,tc,442,2684,10,2684,10,2262,442,2262
TRAIN,out/7_flipX.jpg,kurum_ogrenci_no,3805,3397,3358,3397,3358,3029,3805,3029
TRAIN,out/7_flipX.jpg,sayisal,1554,2597,1184,2597,1184,1814,1554,1814
TRAIN,out/7_flipX.jpg,kurum_ogrenci_no,2122,3213,1723,3213,1723,2852,2122,2852
TRAIN,out/7_flipX.jpg,kenarcizgi,189,3678,2,3678,2,2495,189,2495
TRAIN,out/7_flipX.jpg,cevaplar,1552,2679,442,2679,442,1807,1552,1807
TRAIN,out/7_flipX.jpg,kenarcizgi,1713,3788,1636,3788,1636,1963,1713,1963
TRAIN,out/7_flipX.jpg,soyadi_adi,1583,3645,828,3645,828,2699,1583,2699
TRAIN,out/7_flipX.jpg,sinif_sube,905,3653,764,3653,764,2786,905,2786
TRAIN,out/7_flipX.jpg,sozel,2846,2753,2161,2753,2161,1947,2846,1947
TRAIN,out/7_flipX.jpg,tc,2081,2837,1721,2837,1721,2443,2081,2443
TRAIN,out/7_flipX.jpg,kenarcizgi,3583,3954,3204,3954,3204,2147,3583,2147
TRAIN,out/7_flipX.jpg,cevaplar,3204,2827,2150,2827,2150,1942,3204,1942
TRAIN,out/7_flipX.jpg,kurum_ogrenci_no,557,3083,74,3083,74,2697,557,2697
TRAIN,out/7_flipX.jpg,sinif_sube,2404,3752,2271,3752,2271,2934,2404,2934
TRAIN,out/7_flipX.jpg,tc,3836,3037,3424,3037,3424,2648,3836,2648
TRAIN,out/7_flipX.jpg,kitapcik_cinsiyet,572,3236,135,3236,135,3100,572,3100
TRAIN,out/7_flipX.jpg,sayisal,3207,2758,2803,2758,2803,1947,3207,1947
TRAIN,out/7_flipX.jpg,bilgiler_elle,2273,3768,1734,3768,1734,3366,2273,3366
TRAIN,out/7_flipX.jpg,soyadi_adi,3107,3752,2388,3752,2388,2847,3107,2847
TRAIN,out/7_flipX.jpg,kitapcik_cinsiyet,2122,3359,1734,3359,1734,3226,2122,3226
TRAIN,out/34_flipX.jpg,kitapcik_cinsiyet,1153,2492,987,2492,987,1937,1153,1937
TRAIN,out/34_flipX.jpg,bilgiler_elle,961,2681,329,2681,329,1906,961,1906
TRAIN,out/34_flipX.jpg,sinif_sube,1572,2886,332,2886,332,2697,1572,2697
TRAIN,out/34_flipX.jpg,soyadi_adi,1695,3816,322,3816,322,2883,1695,2883
TRAIN,out/34_flipX.jpg,kenarcizgi,2861,1950,299,1950,299,1822,2861,1822
TRAIN,out/34_flipX.jpg,tc,2240,2451,1721,2451,1721,1960,2240,1960
TRAIN,out/34_flipX.jpg,cevaplar,2841,3839,1708,3839,1708,2556,2841,2556
TRAIN,out/34_flipX.jpg,kurum_ogrenci_no,1703,2512,1189,2512,1189,1937,1703,1937
TRAIN,out/34_flipX.jpg,sozel,2836,3374,1813,3374,1813,2546,2836,2546
TRAIN,out/34_flipX.jpg,sayisal,2813,3842,1808,3842,1808,3389,2813,3389
TRAIN,out/49_flipX.jpg,cevaplar,2245,3164,1138,3164,1138,1883,2245,1883
TRAIN,out/49_flipX.jpg,sozel,2148,3167,1132,3167,1132,2344,2148,2344
TRAIN,out/49_flipX.jpg,bilgiler_elle,3567,3729,2969,3729,2969,2996,3567,2996
TRAIN,out/49_flipX.jpg,tc,2248,3729,1741,3729,1741,3259,2248,3259
TRAIN,out/49_flipX.jpg,sinif_sube,3554,2985,2375,2985,2375,2819,3554,2819
TRAIN,out/49_flipX.jpg,kitapcik_cinsiyet,2953,3722,2782,3722,2782,3205,2953,3205
TRAIN,out/49_flipX.jpg,kenarcizgi,3578,3816,1140,3816,1140,3765,3578,3765
TRAIN,out/49_flipX.jpg,sayisal,2148,2326,1140,2326,1140,1896,2148,1896
TRAIN,out/49_flipX.jpg,soyadi_adi,3562,2817,2271,2817,2271,1904,3562,1904
TRAIN,out/49_flipX.jpg,kurum_ogrenci_no,2759,3722,2258,3722,2258,3190,2759,3190
TRAIN,out/95_flipX.jpg,tc,2268,2469,1772,2469,1772,2024,2268,2024
TRAIN,out/95_flipX.jpg,bilgiler_elle,1084,2743,519,2743,519,2029,1084,2029
TRAIN,out/95_flipX.jpg,sinif_sube,1659,2909,526,2909,526,2758,1659,2758
TRAIN,out/95_flipX.jpg,sozel,2861,3374,1879,3374,1879,2579,2861,2579
TRAIN,out/95_flipX.jpg,kitapcik_cinsiyet,1271,2535,1089,2535,1089,2037,1271,2037
TRAIN,out/95_flipX.jpg,kenarcizgi,2859,2006,498,2006,498,1917,2859,1917
TRAIN,out/95_flipX.jpg,sayisal,2864,3814,1877,3814,1877,3387,2864,3387
TRAIN,out/95_flipX.jpg,soyadi_adi,1764,3791,519,3791,519,2919,1764,2919
TRAIN,out/95_flipX.jpg,cevaplar,2861,3814,1782,3814,1782,2566,2861,2566
TRAIN,out/95_flipX.jpg,kurum_ogrenci_no,1764,2548,1278,2548,1278,2024,1764,2024
TRAIN,out/9_flipX.jpg,cevaplar,2762,3809,1772,3809,1772,2671,2762,2671
TRAIN,out/9_flipX.jpg,sayisal,2759,3809,1856,3809,1856,3420,2759,3420
TRAIN,out/9_flipX.jpg,sozel,2754,3410,1854,3410,1854,2666,2754,2666
TRAIN,out/9_flipX.jpg,sinif_sube,1647,2983,629,2983,629,2832,1647,2832
TRAIN,out/9_flipX.jpg,kitapcik_cinsiyet,1294,2648,1143,2648,1143,2183,1294,2183
TRAIN,out/9_flipX.jpg,tc,2202,2587,1741,2587,1741,2165,2202,2165
TRAIN,out/9_flipX.jpg,soyadi_adi,1749,3791,624,3791,624,2980,1749,2980
TRAIN,out/9_flipX.jpg,kenarcizgi,2749,2162,590,2162,590,2057,2749,2057
TRAIN,out/9_flipX.jpg,bilgiler_elle,1135,2827,613,2827,613,2183,1135,2183
TRAIN,out/9_flipX.jpg,kurum_ogrenci_no,1749,2650,1306,2650,1306,2170,1749,2170
TRAIN,out/28_flipX.jpg,bilgiler_elle,3324,3517,2861,3517,2861,3149,3324,3149
TRAIN,out/28_flipX.jpg,tc,317,2768,12,2768,12,2446,317,2446
TRAIN,out/28_flipX.jpg,sayisal,3992,2630,3749,2630,3749,1991,3992,1991
TRAIN,out/28_flipX.jpg,sinif_sube,2012,3525,1907,3525,1907,2824,2012,2824
TRAIN,out/28_flipX.jpg,kurum_ogrenci_no,3207,3042,2859,3042,2859,2720,3207,2720
TRAIN,out/28_flipX.jpg,bilgiler_elle,547,3563,71,3563,71,3208,547,3208
TRAIN,out/28_flipX.jpg,cevaplar,2583,2732,1780,2732,1780,2027,2583,2027
TRAIN,out/28_flipX.jpg,sinif_sube,3437,3507,3322,3507,3322,2778,3437,2778
TRAIN,out/28_flipX.jpg,sozel,887,2699,329,2699,329,2052,887,2052
TRAIN,out/28_flipX.jpg,sayisal,2580,2676,2294,2676,2294,2029,2580,2029
TRAIN,out/28_flipX.jpg,kitapcik_cinsiyet,1785,3182,1460,3182,1460,3060,1785,3060
TRAIN,out/28_flipX.jpg,cevaplar,3992,2704,3214,2704,3214,1975,3992,1975
TRAIN,out/28_flipX.jpg,kitapcik_cinsiyet,396,3200,63,3200,63,3093,396,3093
TRAIN,out/28_flipX.jpg,kenarcizgi,1452,3550,1365,3550,1365,2050,1452,2050
TRAIN,out/28_flipX.jpg,soyadi_adi,3992,3507,3424,3507,3424,2699,3992,2699
TRAIN,out/28_flipX.jpg,cevaplar,1161,2758,332,2758,332,2045,1161,2045
TRAIN,out/28_flipX.jpg,sozel,2294,2681,1774,2681,1774,2039,2294,2039
TRAIN,out/28_flipX.jpg,soyadi_adi,2570,3525,2010,3525,2010,2740,2570,2740
TRAIN,out/28_flipX.jpg,tc,3166,2725,2859,2725,2859,2392,3166,2392
TRAIN,out/28_flipX.jpg,soyadi_adi,1191,3558,606,3558,606,2760,1191,2760
TRAIN,out/28_flipX.jpg,tc,1734,2750,1434,2750,1434,2423,1734,2423
TRAIN,out/28_flipX.jpg,kitapcik_cinsiyet,3199,3162,2861,3162,2861,3042,3199,3042
TRAIN,out/28_flipX.jpg,sayisal,1153,2697,854,2697,854,2039,1153,2039
TRAIN,out/28_flipX.jpg,sinif_sube,647,3558,539,3558,539,2842,647,2842
TRAIN,out/28_flipX.jpg,kurum_ogrenci_no,1787,3065,1452,3065,1452,2753,1787,2753
TRAIN,out/28_flipX.jpg,sozel,3749,2643,3214,2643,3214,1988,3749,1988
TRAIN,out/28_flipX.jpg,bilgiler_elle,1913,3538,1455,3538,1455,3175,1913,3175
TRAIN,out/28_flipX.jpg,kurum_ogrenci_no,383,3083,38,3083,38,2783,383,2783
TRAIN,out/28_flipX.jpg,kenarcizgi,2864,3535,2808,3535,2808,2016,2864,2016
TRAIN,out/5_flipX.jpg,cevaplar,2045,528,798,528,798,-568,2045,-568
TRAIN,out/5_flipX.jpg,kenarcizgi,376,1764,149,1764,149,-481,376,-481
TRAIN,out/5_flipX.jpg,sinif_sube,1211,1728,1066,1728,1066,660,1211,660
TRAIN,out/5_flipX.jpg,kurum_ogrenci_no,848,1037,322,1037,322,564,848,564
TRAIN,out/5_flipX.jpg,bilgiler_elle,1061,1746,353,1746,353,1219,1061,1219
TRAIN,out/5_flipX.jpg,kenarcizgi,2218,1919,2136,1919,2136,-372,2218,-372
TRAIN,out/5_flipX.jpg,kitapcik_cinsiyet,843,1196,358,1196,358,1037,843,1037
TRAIN,out/5_flipX.jpg,soyadi_adi,2054,1719,1170,1719,1170,519,2054,519
TRAIN,out/5_flipX.jpg,tc,748,569,294,569,294,73,748,73
TRAIN,out/23_flipX.jpg,cevaplar,2905,3926,1698,3926,1698,2538,2905,2538
TRAIN,out/23_flipX.jpg,kenarcizgi,2897,1883,230,1883,230,1820,2897,1820
TRAIN,out/23_flipX.jpg,bilgiler_elle,913,2725,255,2725,255,1917,913,1917
TRAIN,out/23_flipX.jpg,sozel,2900,3425,1805,3425,1805,2543,2900,2543
TRAIN,out/23_flipX.jpg,kurum_ogrenci_no,1680,2502,1140,2502,1140,1927,1680,1927
TRAIN,out/23_flipX.jpg,sayisal,2905,3921,1805,3921,1805,3451,2905,3451
TRAIN,out/23_flipX.jpg,kitapcik_cinsiyet,1115,2505,923,2505,923,1929,1115,1929
TRAIN,out/23_flipX.jpg,sinif_sube,1557,2914,255,2914,255,2732,1557,2732
TRAIN,out/23_flipX.jpg,tc,2240,2428,1700,2428,1700,1924,2240,1924
TRAIN,out/23_flipX.jpg,soyadi_adi,1682,3906,230,3906,230,2922,1682,2922
TRAIN,out/59_flipX.jpg,sayisal,3506,2656,3132,2656,3132,1812,3506,1812
TRAIN,out/59_flipX.jpg,kitapcik_cinsiyet,2437,3333,2020,3333,2020,3187,2437,3187
TRAIN,out/59_flipX.jpg,sozel,1337,2699,626,2699,626,1873,1337,1873
TRAIN,out/59_flipX.jpg,cevaplar,3503,2758,2437,2758,2437,1807,3503,1807
TRAIN,out/59_flipX.jpg,kenarcizgi,2010,3832,1902,3832,1902,1871,2010,1871
TRAIN,out/59_flipX.jpg,kenarcizgi,273,3829,104,3829,104,1886,273,1886
TRAIN,out/59_flipX.jpg,sinif_sube,2751,3793,2626,3793,2626,2855,2751,2855
TRAIN,out/59_flipX.jpg,soyadi_adi,1703,3832,969,3832,969,2796,1703,2796
TRAIN,out/59_flipX.jpg,cevaplar,1695,2786,634,2786,634,1863,1695,1863
TRAIN,out/59_flipX.jpg,tc,590,2786,207,2786,207,2377,590,2377
TRAIN,out/59_flipX.jpg,kurum_ogrenci_no,2437,3185,2002,3185,2002,2783,2437,2783
TRAIN,out/59_flipX.jpg,sinif_sube,987,3827,856,3827,856,2886,987,2886
TRAIN,out/59_flipX.jpg,tc,2370,2783,1982,2783,1982,2356,2370,2356
TRAIN,out/59_flipX.jpg,bilgiler_elle,856,3816,263,3816,263,3361,856,3361
TRAIN,out/59_flipX.jpg,kitapcik_cinsiyet,680,3354,255,3354,255,3210,680,3210
TRAIN,out/59_flipX.jpg,kenarcizgi,3989,3814,3831,3814,3831,1835,3989,1835
TRAIN,out/59_flipX.jpg,bilgiler_elle,2618,3816,2023,3816,2023,3333,2618,3333
TRAIN,out/59_flipX.jpg,kurum_ogrenci_no,667,3200,237,3200,237,2801,667,2801
TRAIN,out/59_flipX.jpg,soyadi_adi,3488,3788,2746,3788,2746,2745,3488,2745
TRAIN,out/59_flipX.jpg,sayisal,1705,2702,1319,2702,1319,1858,1705,1858
TRAIN,out/59_flipX.jpg,sozel,3127,2679,2437,2679,2437,1820,3127,1820
TRAIN,out/50_flipX.jpg,tc,2286,3875,1787,3875,1787,3405,2286,3405
TRAIN,out/50_flipX.jpg,cevaplar,2329,3313,1204,3313,1204,2029,2329,2029
TRAIN,out/50_flipX.jpg,kurum_ogrenci_no,2785,3883,2294,3883,2294,3336,2785,3336
TRAIN,out/50_flipX.jpg,kitapcik_cinsiyet,2982,3883,2803,3883,2803,3366,2982,3366
TRAIN,out/50_flipX.jpg,bilgiler_elle,3570,3898,2982,3898,2982,3164,3570,3164
TRAIN,out/50_flipX.jpg,soyadi_adi,3616,3014,2322,3014,2322,2085,3616,2085
TRAIN,out/50_flipX.jpg,sayisal,2232,2495,1235,2495,1235,2045,2232,2045
TRAIN,out/50_flipX.jpg,sinif_sube,3572,3167,2424,3167,2424,2980,3572,2980
TRAIN,out/50_flipX.jpg,kenarcizgi,3572,3985,1191,3985,1191,3885,3572,3885
TRAIN,out/50_flipX.jpg,sozel,2217,3313,1204,3313,1204,2469,2217,2469
TRAIN,out/54_flipX.jpg,tc,2680,2796,2299,2796,2299,2400,2680,2400
TRAIN,out/54_flipX.jpg,tc,905,2750,524,2750,524,2346,905,2346
TRAIN,out/54_flipX.jpg,kurum_ogrenci_no,969,3152,537,3152,537,2755,969,2755
TRAIN,out/54_flipX.jpg,bilgiler_elle,2841,3781,2286,3781,2286,3336,2841,3336
TRAIN,out/54_flipX.jpg,sinif_sube,1255,3742,1109,3742,1109,2875,1255,2875
TRAIN,out/54_flipX.jpg,cevaplar,3823,2799,2736,2799,2736,1896,3823,1896
TRAIN,out/54_flipX.jpg,kenarcizgi,2314,3806,2207,3806,2207,1889,2314,1889
TRAIN,out/54_flipX.jpg,kenarcizgi,524,3737,450,3737,450,1848,524,1848
TRAIN,out/54_flipX.jpg,cevaplar,2015,2801,979,2801,979,1866,2015,1866
TRAIN,out/54_flipX.jpg,kitapcik_cinsiyet,2698,3323,2291,3323,2291,3200,2698,3200
TRAIN,out/54_flipX.jpg,bilgiler_elle,1109,3737,537,3737,537,3290,1109,3290
TRAIN,out/54_flipX.jpg,kurum_ogrenci_no,2718,3185,2296,3185,2296,2809,2718,2809
TRAIN,out/54_flipX.jpg,sozel,1659,2709,979,2709,979,1871,1659,1871
TRAIN,out/54_flipX.jpg,kitapcik_cinsiyet,964,3295,539,3295,539,3149,964,3149
TRAIN,out/54_flipX.jpg,soyadi_adi,3710,3781,2956,3781,2956,2812,3710,2812
TRAIN,out/54_flipX.jpg,soyadi_adi,1959,3788,1242,3788,1242,2786,1959,2786
TRAIN,out/54_flipX.jpg,sozel,3450,2709,2731,2709,2731,1901,3450,1901
TRAIN,out/54_flipX.jpg,sinif_sube,3002,3773,2836,3773,2836,2893,3002,2893
TRAIN,out/54_flipX.jpg,sayisal,2012,2732,1659,2732,1659,1914,2012,1914
TRAIN,out/54_flipX.jpg,sayisal,3823,2717,3404,2717,3404,1917,3823,1917
TRAIN,out/55_flipX.jpg,kurum_ogrenci_no,1654,2530,1127,2530,1127,1952,1654,1952
TRAIN,out/55_flipX.jpg,tc,2207,2461,1670,2461,1670,1963,2207,1963
TRAIN,out/55_flipX.jpg,kitapcik_cinsiyet,1117,2512,928,2512,928,1942,1117,1942
TRAIN,out/55_flipX.jpg,cevaplar,2820,3924,1634,3924,1634,2581,2820,2581
TRAIN,out/55_flipX.jpg,kenarcizgi,2838,1940,271,1940,271,1848,2838,1848
TRAIN,out/55_flipX.jpg,sayisal,2803,3931,1739,3931,1739,3443,2803,3443
TRAIN,out/55_flipX.jpg,sinif_sube,1511,2904,276,2904,276,2720,1511,2720
TRAIN,out/55_flipX.jpg,bilgiler_elle,913,2717,281,2717,281,1932,913,1932
TRAIN,out/55_flipX.jpg,soyadi_adi,1634,3873,242,3873,242,2899,1634,2899
TRAIN,out/55_flipX.jpg,sozel,2820,3451,1754,3451,1754,2581,2820,2581
TRAIN,out/60_flipX.jpg,cevaplar,3549,2753,2462,2753,2462,1825,3549,1825
TRAIN,out/60_flipX.jpg,kenarcizgi,2012,3765,1936,3765,1936,1825,2012,1825
TRAIN,out/60_flipX.jpg,tc,2396,2743,2017,2743,2017,2333,2396,2333
TRAIN,out/60_flipX.jpg,sayisal,3549,2676,3148,2676,3148,1850,3549,1850
TRAIN,out/60_flipX.jpg,sinif_sube,2731,3755,2565,3755,2565,2847,2731,2847
TRAIN,out/60_flipX.jpg,kenarcizgi,3979,3750,3767,3750,3767,1809,3979,1809
TRAIN,out/60_flipX.jpg,cevaplar,1549,2707,468,2707,468,1807,1549,1807
TRAIN,out/60_flipX.jpg,kurum_ogrenci_no,2437,3139,2012,3139,2012,2753,2437,2753
TRAIN,out/60_flipX.jpg,sozel,3181,2663,2457,2663,2457,1840,3181,1840
TRAIN,out/60_flipX.jpg,soyadi_adi,1580,3724,831,3724,831,2717,1580,2717
TRAIN,out/60_flipX.jpg,kurum_ogrenci_no,544,3126,89,3126,89,2727,544,2727
TRAIN,out/60_flipX.jpg,sinif_sube,882,3727,754,3727,754,2819,882,2819
TRAIN,out/60_flipX.jpg,sozel,1186,2617,462,2617,462,1809,1186,1809
TRAIN,out/60_flipX.jpg,soyadi_adi,3468,3768,2705,3768,2705,2768,3468,2768
TRAIN,out/60_flipX.jpg,kitapcik_cinsiyet,2427,3285,2010,3285,2010,3157,2427,3157
TRAIN,out/60_flipX.jpg,kenarcizgi,153,3768,2,3768,2,2195,153,2195
TRAIN,out/60_flipX.jpg,tc,452,2725,43,2725,43,2305,452,2305
TRAIN,out/60_flipX.jpg,kitapcik_cinsiyet,552,3277,122,3277,122,3141,552,3141
TRAIN,out/60_flipX.jpg,kurum_ogrenci_no,749,3737,140,3737,140,3285,749,3285
TRAIN,out/60_flipX.jpg,sayisal,1549,2617,1168,2617,1168,1807,1549,1807
TRAIN,out/60_flipX.jpg,bilgiler_elle,2578,3750,2005,3750,2005,3302,2578,3302
TRAIN,out/16_flipX.jpg,kurum_ogrenci_no,1226,2047,678,2047,678,1546,1226,1546
TRAIN,out/16_flipX.jpg,sozel,2094,1430,1237,1430,1237,381,2094,381
TRAIN,out/16_flipX.jpg,sinif_sube,1590,2801,1432,2801,1432,1656,1590,1656
TRAIN,out/16_flipX.jpg,soyadi_adi,2498,2790,1597,2790,1597,1553,2498,1553
TRAIN,out/16_flipX.jpg,sayisal,2556,1440,2080,1440,2080,395,2556,395
TRAIN,out/16_flipX.jpg,tc,1148,1536,658,1536,658,1022,1148,1022
TRAIN,out/16_flipX.jpg,kenarcizgi,678,2845,555,2845,555,384,678,384
TRAIN,out/16_flipX.jpg,cevaplar,2556,1539,1240,1539,1240,377,2556,377
TRAIN,out/16_flipX.jpg,bilgiler_elle,1429,2818,688,2818,688,2245,1429,2245
TRAIN,out/16_flipX.jpg,kenarcizgi,2704,2588,2580,2588,2580,148,2704,148
TRAIN,out/16_flipX.jpg,kitapcik_cinsiyet,1230,2239,682,2239,682,2053,1230,2053
TRAIN,out/79_flipX.jpg,sozel,1567,331,662,331,662,-762,1567,-762
TRAIN,out/79_flipX.jpg,soyadi_adi,2106,1701,1113,1701,1113,389,2106,389
TRAIN,out/79_flipX.jpg,kitapcik_cinsiyet,785,1140,262,1140,262,956,785,956
TRAIN,out/79_flipX.jpg,kenarcizgi,303,1718,37,1718,37,-615,303,-615
TRAIN,out/79_flipX.jpg,tc,669,457,177,457,177,-62,669,-62
TRAIN,out/79_flipX.jpg,sayisal,2041,280,1560,280,1560,-803,2041,-803
TRAIN,out/79_flipX.jpg,sinif_sube,1184,1697,1020,1697,1020,549,1184,549
TRAIN,out/79_flipX.jpg,kurum_ogrenci_no,775,949,228,949,228,450,775,450
TRAIN,out/79_flipX.jpg,bilgiler_elle,1020,1687,286,1687,286,1151,1020,1151
TRAIN,out/79_flipX.jpg,cevaplar,2048,423,672,423,672,-810,2048,-810
TRAIN,out/94_flipX.jpg,sinif_sube,1593,2922,452,2922,452,2766,1593,2766
TRAIN,out/94_flipX.jpg,kenarcizgi,2713,2055,455,2055,455,1858,2713,1858
TRAIN,out/94_flipX.jpg,sayisal,2874,3758,1836,3758,1836,3302,2874,3302
TRAIN,out/94_flipX.jpg,soyadi_adi,1721,3809,429,3809,429,2860,1721,2860
TRAIN,out/94_flipX.jpg,tc,2173,2423,1685,2423,1685,1978,2173,1978
TRAIN,out/94_flipX.jpg,bilgiler_elle,1012,2753,452,2753,452,2057,1012,2057
TRAIN,out/94_flipX.jpg,cevaplar,2874,3763,1713,3763,1713,2464,2874,2464
TRAIN,out/94_flipX.jpg,kurum_ogrenci_no,1677,2520,1204,2520,1204,2016,1677,2016
TRAIN,out/94_flipX.jpg,kitapcik_cinsiyet,1194,2535,1020,2535,1020,2037,1194,2037
TRAIN,out/94_flipX.jpg,sozel,2833,3302,1808,3302,1808,2461,2833,2461
TRAIN,out/43_flipX.jpg,cevaplar,2759,3643,1749,3643,1749,2479,2759,2479
TRAIN,out/43_flipX.jpg,kenarcizgi,2772,1937,575,1937,575,1881,2772,1881
TRAIN,out/43_flipX.jpg,bilgiler_elle,1102,2627,578,2627,578,1955,1102,1955
TRAIN,out/43_flipX.jpg,sozel,2759,3244,1849,3244,1849,2487,2759,2487
TRAIN,out/43_flipX.jpg,kurum_ogrenci_no,1749,2454,1299,2454,1299,1965,1749,1965
TRAIN,out/43_flipX.jpg,sayisal,2749,3643,1836,3643,1836,3239,2749,3239
TRAIN,out/43_flipX.jpg,kitapcik_cinsiyet,1281,2446,1122,2446,1122,1968,1281,1968
TRAIN,out/43_flipX.jpg,sinif_sube,1634,2781,575,2781,575,2630,1634,2630
TRAIN,out/43_flipX.jpg,tc,2225,2402,1759,2402,1759,1965,2225,1965
TRAIN,out/43_flipX.jpg,soyadi_adi,1741,3612,552,3612,552,2783,1741,2783
TRAIN,out/37_flipX.jpg,kurum_ogrenci_no,1805,2581,1365,2581,1365,2103,1805,2103
TRAIN,out/37_flipX.jpg,sinif_sube,1703,2924,636,2924,636,2758,1703,2758
TRAIN,out/37_flipX.jpg,kenarcizgi,2836,2075,626,2075,626,2011,2836,2011
TRAIN,out/37_flipX.jpg,bilgiler_elle,1179,2755,639,2755,639,2088,1179,2088
TRAIN,out/37_flipX.jpg,tc,2283,2518,1823,2518,1823,2096,2283,2096
TRAIN,out/37_flipX.jpg,cevaplar,2836,3781,1810,3781,1810,2604,2836,2604
TRAIN,out/37_flipX.jpg,soyadi_adi,1808,3745,616,3745,616,2914,1808,2914
TRAIN,out/37_flipX.jpg,kitapcik_cinsiyet,1345,2576,1184,2576,1184,2101,1345,2101
TRAIN,out/10_flipX.jpg,kitapcik_cinsiyet,798,1160,198,1160,198,965,798,965
TRAIN,out/10_flipX.jpg,sayisal,2245,279,1745,279,1745,-894,2245,-894
TRAIN,out/10_flipX.jpg,cevaplar,2250,395,777,395,777,-902,2250,-902
TRAIN,out/10_flipX.jpg,sinif_sube,1191,1775,1034,1775,1034,544,1191,544
TRAIN,out/10_flipX.jpg,tc,690,408,153,408,153,-159,690,-159
TRAIN,out/10_flipX.jpg,kurum_ogrenci_no,785,957,173,957,173,408,785,408
TRAIN,out/10_flipX.jpg,soyadi_adi,2225,1779,1191,1779,1191,403,2225,403
TRAIN,out/10_flipX.jpg,kenarcizgi,206,1808,12,1808,12,-869,206,-869
TRAIN,out/10_flipX.jpg,sozel,1741,284,773,284,773,-878,1741,-878
TRAIN,out/10_flipX.jpg,bilgiler_elle,1021,1771,215,1771,215,1180,1021,1180
TRAIN,out/15_flipX.jpg,soyadi_adi,2782,2643,1771,2643,1771,1238,2782,1238
TRAIN,out/15_flipX.jpg,cevaplar,2714,1317,1295,1317,1295,76,2714,76
TRAIN,out/15_flipX.jpg,kurum_ogrenci_no,1408,1889,805,1889,805,1351,1408,1351
TRAIN,out/15_flipX.jpg,bilgiler_elle,1665,2725,877,2725,877,2067,1665,2067
TRAIN,out/15_flipX.jpg,sozel,2248,1217,1295,1217,1295,72,2248,72
TRAIN,out/15_flipX.jpg,kitapcik_cinsiyet,1425,2098,853,2098,853,1882,1425,1882
TRAIN,out/15_flipX.jpg,kenarcizgi,894,2749,568,2749,568,168,894,168
TRAIN,out/15_flipX.jpg,sayisal,2710,1149,2210,1149,2210,79,2710,79
TRAIN,out/15_flipX.jpg,tc,1281,1361,743,1361,743,806,1281,806
TRAIN,out/15_flipX.jpg,sinif_sube,1843,2657,1675,2657,1675,1430,1843,1430
TRAIN,out/2_flipX.jpg,bilgiler_elle,1063,1799,375,1799,375,1281,1063,1281
TRAIN,out/2_flipX.jpg,sayisal,2126,484,1690,484,1690,-498,2126,-498
TRAIN,out/2_flipX.jpg,kurum_ogrenci_no,882,1096,360,1096,360,600,882,600
TRAIN,out/2_flipX.jpg,soyadi_adi,2092,1807,1228,1807,1228,604,2092,604
TRAIN,out/2_flipX.jpg,tc,796,611,338,611,338,119,796,119
TRAIN,out/2_flipX.jpg,sinif_sube,1228,1803,1070,1803,1070,705,1228,705
TRAIN,out/2_flipX.jpg,cevaplar,2126,581,863,581,863,-505,2126,-505
TRAIN,out/2_flipX.jpg,kitapcik_cinsiyet,882,1262,364,1262,364,1093,882,1093
TRAIN,out/2_flipX.jpg,sozel,1686,491,860,491,860,-498,1686,-498
TRAIN,out/2_flipX.jpg,kenarcizgi,371,1826,214,1826,214,-456,371,-456
TRAIN,out/12_flipX.jpg,sayisal,2132,155,1628,155,1628,-1004,2132,-1004
TRAIN,out/12_flipX.jpg,kenarcizgi,226,1755,13,1755,13,-863,226,-863
TRAIN,out/12_flipX.jpg,cevaplar,2145,310,666,310,666,-1018,2145,-1018
TRAIN,out/12_flipX.jpg,sinif_sube,1193,1696,1020,1696,1020,423,1193,423
TRAIN,out/12_flipX.jpg,kitapcik_cinsiyet,766,1064,199,1064,199,896,766,896
TRAIN,out/12_flipX.jpg,tc,653,346,108,346,108,-231,653,-231
TRAIN,out/12_flipX.jpg,bilgiler_elle,1029,1696,208,1696,208,1100,1029,1100
TRAIN,out/12_flipX.jpg,kurum_ogrenci_no,757,873,154,873,154,328,757,328
TRAIN,out/12_flipX.jpg,soyadi_adi,2181,1682,1147,1682,1147,273,2181,273
TRAIN,out/12_flipX.jpg,sozel,1623,200,675,200,675,-981,1623,-981
