TEST,out/80_gaussian.jpg,kurum_ogrenci_no,1486,1047,1908,1047,1908,1432,1486,1432
TEST,out/80_gaussian.jpg,sayisal,2260,102,2608,102,2608,925,2260,925
TEST,out/80_gaussian.jpg,bilgiler_elle,1347,1596,1920,1596,1920,2041,1347,2041
TEST,out/80_gaussian.jpg,kenarcizgi,3703,80,3835,80,3835,2029,3703,2029
TEST,out/80_gaussian.jpg,sayisal,372,134,778,134,778,962,372,962
TEST,out/80_gaussian.jpg,sozel,2606,93,3292,93,3292,927,2606,927
TEST,out/80_gaussian.jpg,kenarcizgi,1910,117,1991,117,1991,2054,1910,2054
TEST,out/80_gaussian.jpg,kitapcik_cinsiyet,1503,1446,1915,1446,1915,1574,1503,1574
TEST,out/80_gaussian.jpg,soyadi_adi,458,1055,1219,1055,1219,2061,458,2061
TEST,out/80_gaussian.jpg,tc,1535,629,1900,629,1900,1028,1535,1028
TEST,out/80_gaussian.jpg,bilgiler_elle,3103,1542,3691,1542,3691,2012,3103,2012
TEST,out/80_gaussian.jpg,soyadi_adi,2253,1011,2985,1011,2985,2017,2253,2017
TEST,out/80_gaussian.jpg,kitapcik_cinsiyet,3279,1410,3701,1410,3701,1530,3279,1530
TEST,out/80_gaussian.jpg,cevaplar,2268,90,3301,90,3301,1003,2268,1003
TEST,out/80_gaussian.jpg,sinif_sube,1197,1138,1347,1138,1347,2046,1197,2046
TEST,out/80_gaussian.jpg,tc,3338,575,3730,575,3730,989,3338,989
TEST,out/80_gaussian.jpg,cevaplar,377,127,1462,127,1462,1035,377,1035
TEST,out/80_gaussian.jpg,sinif_sube,2978,1101,3108,1101,3108,2007,2978,2007
TEST,out/80_gaussian.jpg,kurum_ogrenci_no,3277,989,3713,989,3713,1397,3277,1397
TEST,out/80_gaussian.jpg,sozel,754,124,1457,124,1457,959,754,959
TEST,out/74_gaussian.jpg,kitapcik_cinsiyet,85,668,529,668,529,805,85,805
TEST,out/74_gaussian.jpg,kenarcizgi,2,195,132,195,132,1417,2,1417
TEST,out/74_gaussian.jpg,bilgiler_elle,117,215,725,215,725,673,117,673
TEST,out/74_gaussian.jpg,sinif_sube,722,213,859,213,859,1126,722,1126
TEST,out/74_gaussian.jpg,sayisal,1163,1309,1530,1309,1530,2147,1163,2147
TEST,out/74_gaussian.jpg,sozel,443,1307,1178,1307,1178,2144,443,2144
TEST,out/74_gaussian.jpg,sozel,3012,1319,3421,1319,3421,2156,3012,2156
TEST,out/74_gaussian.jpg,cevaplar,440,1229,1533,1229,1533,2156,440,2156
TEST,out/74_gaussian.jpg,tc,1900,1233,2273,1233,2273,1642,1900,1642
TEST,out/74_gaussian.jpg,kurum_ogrenci_no,46,820,519,820,519,1199,46,1199
TEST,out/74_gaussian.jpg,kurum_ogrenci_no,1900,832,2334,832,2334,1224,1900,1224
TEST,out/74_gaussian.jpg,bilgiler_elle,1908,237,2476,237,2476,680,1908,680
TEST,out/74_gaussian.jpg,cevaplar,2344,1236,3434,1236,3434,2152,2344,2152
TEST,out/74_gaussian.jpg,tc,12,1221,428,1221,428,1628,12,1628
TEST,out/74_gaussian.jpg,sayisal,2346,1317,3047,1317,3047,2154,2346,2154
TEST,out/74_gaussian.jpg,sinif_sube,2473,239,2623,239,2623,1133,2473,1133
TEST,out/74_gaussian.jpg,kenarcizgi,1829,213,1898,213,1898,2139,1829,2139
TEST,out/74_gaussian.jpg,soyadi_adi,2606,242,3353,242,3353,1229,2606,1229
TEST,out/74_gaussian.jpg,soyadi_adi,808,220,1540,220,1540,1221,808,1221
TEST,out/33_gaussian.jpg,tc,1832,1669,2361,1669,2361,2159,1832,2159
TEST,out/33_gaussian.jpg,soyadi_adi,504,235,1866,235,1866,1202,504,1202
TEST,out/33_gaussian.jpg,kurum_ogrenci_no,1305,1579,1837,1579,1837,2144,1305,2144
TEST,out/33_gaussian.jpg,sinif_sube,502,1180,1746,1180,1746,1344,502,1344
TEST,out/33_gaussian.jpg,kitapcik_cinsiyet,1104,1576,1308,1576,1308,2130,1104,2130
TEST,out/33_gaussian.jpg,sayisal,1979,271,3032,271,3032,736,1979,736
TEST,out/33_gaussian.jpg,kenarcizgi,443,2149,2052,2149,2052,2198,443,2198
TEST,out/33_gaussian.jpg,sozel,1959,739,3007,739,3007,1598,1959,1598
TEST,out/33_gaussian.jpg,cevaplar,1849,269,3030,269,3030,1598,1849,1598
TEST,out/33_gaussian.jpg,bilgiler_elle,467,1334,1116,1334,1116,2127,467,2127
TEST,out/68_gaussian.jpg,soyadi_adi,2775,269,3532,269,3532,1236,2775,1236
TEST,out/68_gaussian.jpg,kurum_ogrenci_no,284,822,756,822,756,1229,284,1229
TEST,out/68_gaussian.jpg,cevaplar,2549,1241,3657,1241,3657,2149,2549,2149
TEST,out/68_gaussian.jpg,sayisal,1398,1314,1761,1314,1761,2149,1398,2149
TEST,out/68_gaussian.jpg,soyadi_adi,1043,244,1770,244,1770,1231,1043,1231
TEST,out/68_gaussian.jpg,kurum_ogrenci_no,2126,856,2540,856,2540,1238,2126,1238
TEST,out/68_gaussian.jpg,cevaplar,688,1238,1770,1238,1770,2154,688,2154
TEST,out/68_gaussian.jpg,bilgiler_elle,330,225,952,225,952,687,330,687
TEST,out/68_gaussian.jpg,sozel,3208,1312,3632,1312,3632,2147,3208,2147
TEST,out/68_gaussian.jpg,bilgiler_elle,2109,266,2674,266,2674,710,2109,710
TEST,out/68_gaussian.jpg,kitapcik_cinsiyet,2113,712,2525,712,2525,854,2113,854
TEST,out/68_gaussian.jpg,tc,244,1221,668,1221,668,1652,244,1652
TEST,out/68_gaussian.jpg,kenarcizgi,117,215,347,215,347,2152,117,2152
TEST,out/68_gaussian.jpg,sayisal,2554,1319,3267,1319,3267,2154,2554,2154
TEST,out/68_gaussian.jpg,kenarcizgi,2045,242,2121,242,2121,2154,2045,2154
TEST,out/68_gaussian.jpg,kitapcik_cinsiyet,323,678,764,678,764,827,323,827
TEST,out/68_gaussian.jpg,tc,2113,1236,2498,1236,2498,1642,2113,1642
TEST,out/68_gaussian.jpg,sozel,700,1317,1418,1317,1418,2152,700,2152
TEST,out/68_gaussian.jpg,sinif_sube,945,244,1085,244,1085,1138,945,1138
TEST,out/68_gaussian.jpg,sinif_sube,2655,269,2824,269,2824,1162,2655,1162
TEST,out/62_gaussian.jpg,kurum_ogrenci_no,1195,1437,1746,1437,1746,2027,1195,2027
TEST,out/62_gaussian.jpg,sinif_sube,338,1045,1628,1045,1628,1226,338,1226
TEST,out/62_gaussian.jpg,sayisal,1864,53,2946,53,2946,523,1864,523
TEST,out/62_gaussian.jpg,cevaplar,1756,53,2958,53,2958,1429,1756,1429
TEST,out/62_gaussian.jpg,kenarcizgi,279,2054,2936,2054,2936,2127,279,2127
TEST,out/62_gaussian.jpg,tc,1744,1515,2302,1515,2302,2034,1744,2034
TEST,out/62_gaussian.jpg,bilgiler_elle,323,1224,987,1224,987,2029,323,2029
TEST,out/62_gaussian.jpg,soyadi_adi,328,71,1744,71,1744,1050,328,1050
TEST,out/62_gaussian.jpg,sozel,1859,543,2941,543,2941,1417,1859,1417
TEST,out/62_gaussian.jpg,kitapcik_cinsiyet,989,1444,1190,1444,1190,2032,989,2032
TEST,out/13_gaussian.jpg,sayisal,1283,1476,1614,1476,1614,2176,1283,2176
TEST,out/13_gaussian.jpg,soyadi_adi,2371,460,3012,460,3012,1268,2371,1268
TEST,out/13_gaussian.jpg,sinif_sube,3568,474,3789,474,3789,1207,3568,1207
TEST,out/13_gaussian.jpg,kenarcizgi,271,506,499,506,499,2127,271,2127
TEST,out/13_gaussian.jpg,sinif_sube,2263,477,2412,477,2412,1211,2263,1211
TEST,out/13_gaussian.jpg,sozel,2192,1346,2785,1346,2785,2029,2192,2029
TEST,out/13_gaussian.jpg,kurum_ogrenci_no,426,1050,810,1050,810,1390,426,1390
TEST,out/13_gaussian.jpg,bilgiler_elle,1812,477,2285,477,2285,856,1812,856
TEST,out/13_gaussian.jpg,tc,1829,1287,2140,1287,2140,1628,1829,1628
TEST,out/13_gaussian.jpg,kitapcik_cinsiyet,3150,854,3515,854,3515,971,3150,971
TEST,out/13_gaussian.jpg,soyadi_adi,1036,580,1660,580,1660,1407,1036,1407
TEST,out/13_gaussian.jpg,kenarcizgi,3056,497,3309,497,3309,2061,3056,2061
TEST,out/13_gaussian.jpg,cevaplar,707,1395,1624,1395,1624,2174,707,2174
TEST,out/13_gaussian.jpg,kenarcizgi,1758,484,1827,484,1827,2029,1758,2029
TEST,out/13_gaussian.jpg,kurum_ogrenci_no,1822,969,2182,969,2182,1292,1822,1292
TEST,out/13_gaussian.jpg,kurum_ogrenci_no,3172,976,3566,976,3566,1307,3172,1307
TEST,out/13_gaussian.jpg,sinif_sube,969,577,1097,577,1097,1331,969,1331
TEST,out/13_gaussian.jpg,sayisal,2738,1331,3096,1331,3096,2005,2738,2005
TEST,out/13_gaussian.jpg,tc,384,1378,722,1378,722,1733,384,1733
TEST,out/13_gaussian.jpg,kitapcik_cinsiyet,1822,859,2162,859,2162,976,1822,976
TEST,out/13_gaussian.jpg,cevaplar,2177,1263,3108,1263,3108,2036,2177,2036
TEST,out/13_gaussian.jpg,tc,3228,1302,3573,1302,3573,1652,3228,1652
TEST,out/13_gaussian.jpg,kitapcik_cinsiyet,462,932,827,932,827,1065,462,1065
TEST,out/13_gaussian.jpg,bilgiler_elle,3105,492,3642,492,3642,869,3105,869
TEST,out/13_gaussian.jpg,bilgiler_elle,480,560,982,560,982,940,480,940
TEST,out/13_gaussian.jpg,sozel,710,1466,1332,1466,1332,2159,710,2159
TEST,out/27_gaussian.jpg,kenarcizgi,113,167,278,167,278,2147,113,2147
TEST,out/27_gaussian.jpg,kitapcik_cinsiyet,2178,695,2625,695,2625,849,2178,849
TEST,out/27_gaussian.jpg,sozel,682,1341,1423,1341,1423,2147,682,2147
TEST,out/27_gaussian.jpg,kitapcik_cinsiyet,262,670,736,670,736,830,262,830
TEST,out/27_gaussian.jpg,sinif_sube,2784,213,2933,213,2933,1181,2784,1181
TEST,out/27_gaussian.jpg,sinif_sube,914,181,1055,181,1055,1165,914,1165
TEST,out/27_gaussian.jpg,sozel,2622,1362,3342,1362,3342,2136,2622,2136
TEST,out/27_gaussian.jpg,kenarcizgi,2100,192,2178,192,2178,2141,2100,2141
TEST,out/27_gaussian.jpg,tc,221,1260,627,1260,627,1695,221,1695
TEST,out/27_gaussian.jpg,kurum_ogrenci_no,2170,846,2625,846,2625,1268,2170,1268
TEST,out/27_gaussian.jpg,bilgiler_elle,276,183,912,183,912,676,276,676
TEST,out/27_gaussian.jpg,cevaplar,2649,1287,3718,1287,3718,2149,2649,2149
TEST,out/27_gaussian.jpg,sayisal,1410,1341,1797,1341,1797,2147,1410,2147
TEST,out/27_gaussian.jpg,kurum_ogrenci_no,240,832,719,832,719,1254,240,1254
TEST,out/27_gaussian.jpg,soyadi_adi,2920,221,3688,221,3688,1287,2920,1287
TEST,out/27_gaussian.jpg,soyadi_adi,1031,189,1788,189,1788,1252,1031,1252
TEST,out/27_gaussian.jpg,sayisal,3331,1373,3707,1373,3707,2144,3331,2144
TEST,out/27_gaussian.jpg,bilgiler_elle,2175,213,2795,213,2795,705,2175,705
TEST,out/27_gaussian.jpg,cevaplar,692,1262,1783,1262,1783,2139,692,2139
TEST,out/27_gaussian.jpg,tc,2165,1257,2565,1257,2565,1706,2165,1706
TEST,out/83_gaussian.jpg,sinif_sube,2297,943,3627,943,3627,1169,2297,1169
TEST,out/83_gaussian.jpg,kitapcik_cinsiyet,2720,133,2946,133,2946,741,2720,741
TEST,out/83_gaussian.jpg,sayisal,985,1696,2089,1696,2089,2208,985,2208
TEST,out/83_gaussian.jpg,sozel,949,794,2080,794,2080,1720,949,1720
TEST,out/83_gaussian.jpg,kurum_ogrenci_no,2151,148,2723,148,2723,767,2151,767
TEST,out/83_gaussian.jpg,kenarcizgi,934,14,3633,14,3633,178,934,178
TEST,out/83_gaussian.jpg,cevaplar,940,788,2193,788,2193,2205,940,2205
TEST,out/83_gaussian.jpg,bilgiler_elle,2928,116,3622,116,3622,958,2928,958
TEST,out/83_gaussian.jpg,soyadi_adi,2172,1125,3654,1125,3654,2160,2172,2160
TEST,out/83_gaussian.jpg,tc,1586,166,2163,166,2163,705,1586,705
TEST,out/6_gaussian.jpg,sozel,926,1924,1768,1924,1768,2954,926,2954
TEST,out/6_gaussian.jpg,kenarcizgi,262,512,445,512,445,2914,262,2914
TEST,out/6_gaussian.jpg,kitapcik_cinsiyet,425,1141,965,1141,965,1328,425,1328
TEST,out/6_gaussian.jpg,soyadi_adi,1319,608,2202,608,2202,1844,1319,1844
TEST,out/6_gaussian.jpg,tc,385,1793,866,1793,866,2322,385,2322
TEST,out/6_gaussian.jpg,sayisal,1765,1940,2214,1940,2214,2974,1765,2974
TEST,out/6_gaussian.jpg,bilgiler_elle,441,576,1168,576,1168,1161,441,1161
TEST,out/6_gaussian.jpg,kurum_ogrenci_no,405,1312,954,1312,954,1817,405,1817
TEST,out/6_gaussian.jpg,sinif_sube,1160,608,1343,608,1343,1713,1160,1713
TEST,out/6_gaussian.jpg,cevaplar,922,1833,2214,1833,2214,2978,922,2978
TEST,out/24_gaussian.jpg,sayisal,1758,98,2833,98,2833,553,1758,553
TEST,out/24_gaussian.jpg,kenarcizgi,270,2020,2833,2020,2833,2124,270,2124
TEST,out/24_gaussian.jpg,sinif_sube,312,1059,1529,1059,1529,1226,312,1226
TEST,out/24_gaussian.jpg,soyadi_adi,300,113,1648,113,1648,1053,300,1053
TEST,out/24_gaussian.jpg,kurum_ogrenci_no,1119,1437,1636,1437,1636,2005,1119,2005
TEST,out/24_gaussian.jpg,tc,1657,1523,2169,1523,2169,2011,1657,2011
TEST,out/24_gaussian.jpg,kitapcik_cinsiyet,922,1431,1107,1431,1107,2002,922,2002
TEST,out/24_gaussian.jpg,sozel,1758,565,2824,565,2824,1437,1758,1437
TEST,out/24_gaussian.jpg,bilgiler_elle,294,1229,913,1229,913,2000,294,2000
TEST,out/24_gaussian.jpg,cevaplar,1660,80,2812,80,2812,1440,1660,1440
TEST,out/20_gaussian.jpg,bilgiler_elle,276,1366,952,1366,952,2196,276,2196
TEST,out/20_gaussian.jpg,tc,1750,1660,2330,1660,2330,2196,1750,2196
TEST,out/20_gaussian.jpg,sayisal,1848,104,3005,104,3005,601,1848,601
TEST,out/20_gaussian.jpg,kitapcik_cinsiyet,958,1583,1160,1583,1160,2193,958,2193
TEST,out/20_gaussian.jpg,cevaplar,1735,92,3014,92,3014,1544,1735,1544
TEST,out/20_gaussian.jpg,sozel,1848,607,3011,607,3011,1544,1848,1544
TEST,out/20_gaussian.jpg,sinif_sube,282,1157,1619,1157,1619,1363,282,1363
TEST,out/20_gaussian.jpg,soyadi_adi,247,133,1735,133,1735,1172,247,1172
TEST,out/20_gaussian.jpg,kurum_ogrenci_no,1175,1577,1747,1577,1747,2196,1175,2196
TEST,out/17_gaussian.jpg,sinif_sube,517,1136,1711,1136,1711,1324,517,1324
TEST,out/17_gaussian.jpg,soyadi_adi,482,205,1812,205,1812,1154,482,1154
TEST,out/17_gaussian.jpg,bilgiler_elle,514,1318,1110,1318,1110,2074,514,2074
TEST,out/17_gaussian.jpg,kenarcizgi,467,2092,3020,2092,3020,2190,467,2190
TEST,out/17_gaussian.jpg,sayisal,1913,154,3005,154,3005,633,1913,633
TEST,out/17_gaussian.jpg,sozel,1925,613,2997,613,2997,1491,1925,1491
TEST,out/17_gaussian.jpg,tc,1830,1589,2360,1589,2360,2083,1830,2083
TEST,out/17_gaussian.jpg,cevaplar,1809,148,2991,148,2991,1491,1809,1491
TEST,out/17_gaussian.jpg,kurum_ogrenci_no,1300,1505,1824,1505,1824,2074,1300,2074
TEST,out/17_gaussian.jpg,kitapcik_cinsiyet,1110,1511,1303,1511,1303,2074,1110,2074
TEST,out/87_gaussian.jpg,soyadi_adi,2282,1104,3755,1104,3755,2113,2282,2113
TEST,out/87_gaussian.jpg,kurum_ogrenci_no,2273,125,2830,125,2830,726,2273,726
TEST,out/87_gaussian.jpg,sozel,1080,758,2178,758,2178,1645,1080,1645
TEST,out/87_gaussian.jpg,kenarcizgi,1080,17,3720,17,3720,122,1080,122
TEST,out/87_gaussian.jpg,bilgiler_elle,3026,113,3723,113,3723,928,3026,928
TEST,out/87_gaussian.jpg,cevaplar,1089,750,2303,750,2303,2130,1089,2130
TEST,out/87_gaussian.jpg,kitapcik_cinsiyet,2830,110,3041,110,3041,708,2830,708
TEST,out/87_gaussian.jpg,sayisal,1083,1648,2190,1648,2190,2148,1083,2148
TEST,out/87_gaussian.jpg,tc,1723,142,2282,142,2282,654,1723,654
TEST,out/87_gaussian.jpg,sinif_sube,2410,913,3744,913,3744,1122,2410,1122
TEST,out/39_gaussian.jpg,kurum_ogrenci_no,181,779,607,779,607,1178,181,1178
TEST,out/39_gaussian.jpg,sayisal,1244,1250,1583,1250,1583,2029,1244,2029
TEST,out/39_gaussian.jpg,kurum_ogrenci_no,1806,794,2214,794,2214,1166,1806,1166
TEST,out/39_gaussian.jpg,sinif_sube,779,196,904,196,904,1077,779,1077
TEST,out/39_gaussian.jpg,tc,3538,1300,3904,1300,3904,1699,3538,1699
TEST,out/39_gaussian.jpg,sinif_sube,2348,220,2485,220,2485,1092,2348,1092
TEST,out/39_gaussian.jpg,bilgiler_elle,199,199,779,199,779,648,199,648
TEST,out/39_gaussian.jpg,sozel,2226,1226,2869,1226,2869,2023,2226,2023
TEST,out/39_gaussian.jpg,bilgiler_elle,1809,217,2357,217,2357,660,1809,660
TEST,out/39_gaussian.jpg,cevaplar,2232,1145,3217,1145,3217,2026,2232,2026
TEST,out/39_gaussian.jpg,cevaplar,601,1166,1580,1166,1580,2050,601,2050
TEST,out/39_gaussian.jpg,sayisal,2851,1229,3196,1229,3196,2002,2851,2002
TEST,out/39_gaussian.jpg,kitapcik_cinsiyet,193,639,616,639,616,785,193,785
TEST,out/39_gaussian.jpg,kitapcik_cinsiyet,3497,773,3913,773,3913,916,3497,916
TEST,out/39_gaussian.jpg,kenarcizgi,1741,187,1797,187,1797,2020,1741,2020
TEST,out/39_gaussian.jpg,kurum_ogrenci_no,3520,922,3937,922,3937,1303,3520,1303
TEST,out/39_gaussian.jpg,soyadi_adi,886,199,1589,199,1589,1163,886,1163
TEST,out/39_gaussian.jpg,kenarcizgi,3434,321,3577,321,3577,2181,3434,2181
TEST,out/39_gaussian.jpg,tc,157,1163,535,1163,535,1565,157,1565
TEST,out/39_gaussian.jpg,tc,1791,1154,2172,1154,2172,1553,1791,1553
TEST,out/39_gaussian.jpg,sozel,589,1235,1247,1235,1247,2053,589,2053
TEST,out/39_gaussian.jpg,soyadi_adi,2461,217,3181,217,3181,1172,2461,1172
TEST,out/39_gaussian.jpg,kitapcik_cinsiyet,1794,657,2223,657,2223,794,1794,794
TEST,out/39_gaussian.jpg,kenarcizgi,68,193,211,193,211,2077,68,2077
TEST,out/56_gaussian.jpg,tc,1770,1580,2267,1580,2267,2038,1770,2038
TEST,out/56_gaussian.jpg,sozel,1869,690,2851,690,2851,1494,1869,1494
TEST,out/56_gaussian.jpg,kurum_ogrenci_no,1285,1502,1764,1502,1764,2035,1285,2035
TEST,out/56_gaussian.jpg,soyadi_adi,523,291,1779,291,1779,1163,523,1163
TEST,out/56_gaussian.jpg,kenarcizgi,511,2059,2889,2059,2889,2133,511,2133
TEST,out/56_gaussian.jpg,sinif_sube,535,1157,1666,1157,1666,1324,535,1324
TEST,out/56_gaussian.jpg,bilgiler_elle,529,1318,1098,1318,1098,2032,529,2032
TEST,out/56_gaussian.jpg,cevaplar,1773,258,2845,258,2845,1494,1773,1494
TEST,out/56_gaussian.jpg,kitapcik_cinsiyet,1098,1514,1279,1514,1279,2038,1098,2038
TEST,out/56_gaussian.jpg,sayisal,1860,264,2869,264,2869,699,1860,699
TEST,out/45_gaussian.jpg,kitapcik_cinsiyet,288,642,723,642,723,782,288,782
TEST,out/45_gaussian.jpg,sozel,2488,1291,3193,1291,3193,2119,2488,2119
TEST,out/45_gaussian.jpg,kenarcizgi,1982,211,2050,211,2050,2104,1982,2104
TEST,out/45_gaussian.jpg,cevaplar,642,1199,1714,1199,1714,2107,642,2107
TEST,out/45_gaussian.jpg,tc,2050,1208,2428,1208,2428,1619,2050,1619
TEST,out/45_gaussian.jpg,tc,235,1181,627,1181,627,1601,235,1601
TEST,out/45_gaussian.jpg,kenarcizgi,3758,217,3940,217,3940,2116,3758,2116
TEST,out/45_gaussian.jpg,kitapcik_cinsiyet,2044,678,2470,678,2470,818,2044,818
TEST,out/45_gaussian.jpg,sayisal,1342,1279,1720,1279,1720,2113,1342,2113
TEST,out/45_gaussian.jpg,soyadi_adi,2726,217,3491,217,3491,1211,2726,1211
TEST,out/45_gaussian.jpg,kenarcizgi,122,169,324,169,324,2095,122,2095
TEST,out/45_gaussian.jpg,kurum_ogrenci_no,255,782,708,782,708,1190,255,1190
TEST,out/45_gaussian.jpg,sayisal,3154,1297,3559,1297,3559,2113,3154,2113
TEST,out/45_gaussian.jpg,bilgiler_elle,2041,226,2627,226,2627,681,2041,681
TEST,out/45_gaussian.jpg,sozel,657,1276,1363,1276,1363,2101,657,2101
TEST,out/45_gaussian.jpg,sinif_sube,2604,226,2764,226,2764,1125,2604,1125
TEST,out/45_gaussian.jpg,sinif_sube,883,196,1038,196,1038,1107,883,1107
TEST,out/45_gaussian.jpg,kurum_ogrenci_no,2050,818,2479,818,2479,1211,2050,1211
TEST,out/45_gaussian.jpg,soyadi_adi,1005,199,1726,199,1726,1202,1005,1202
TEST,out/45_gaussian.jpg,cevaplar,2482,1220,3553,1220,3553,2116,2482,2116
TEST,out/45_gaussian.jpg,bilgiler_elle,312,184,907,184,907,642,312,642
TEST,out/4_gaussian.jpg,kurum_ogrenci_no,3273,1083,3747,1083,3747,1476,3273,1476
TEST,out/4_gaussian.jpg,kenarcizgi,407,267,693,267,693,2047,407,2047
TEST,out/4_gaussian.jpg,sinif_sube,2928,1151,3077,1151,3077,2026,2928,2026
TEST,out/4_gaussian.jpg,cevaplar,2297,181,3407,181,3407,1080,2297,1080
TEST,out/4_gaussian.jpg,bilgiler_elle,44,1630,642,1630,642,2047,44,2047
TEST,out/4_gaussian.jpg,bilgiler_elle,3044,1607,3639,1607,3639,2035,3044,2035
TEST,out/4_gaussian.jpg,tc,3383,681,3800,681,3800,1092,3383,1092
TEST,out/4_gaussian.jpg,kurum_ogrenci_no,122,1136,571,1136,571,1494,122,1494
TEST,out/4_gaussian.jpg,soyadi_adi,2270,1059,3014,1059,3014,2005,2270,2005
TEST,out/4_gaussian.jpg,sayisal,2291,157,2690,157,2690,994,2291,994
TEST,out/4_gaussian.jpg,sozel,2648,142,3392,142,3392,1005,2648,1005
TEST,out/4_gaussian.jpg,kenarcizgi,3625,202,3946,202,3946,2050,3625,2050
TEST,out/4_gaussian.jpg,kitapcik_cinsiyet,3270,1482,3672,1482,3672,1616,3270,1616
TEST,out/4_gaussian.jpg,tc,1723,619,2104,619,2104,1026,1723,1026
TEST,out/4_gaussian.jpg,tc,107,738,520,738,520,1139,107,1139
TEST,out/4_gaussian.jpg,soyadi_adi,681,1002,1419,1002,1419,1940,681,1940
TEST,out/4_gaussian.jpg,sozel,958,110,1657,110,1657,946,958,946
TEST,out/4_gaussian.jpg,kenarcizgi,2101,122,2169,122,2169,1979,2101,1979
TEST,out/4_gaussian.jpg,kitapcik_cinsiyet,1684,1401,2098,1401,2098,1544,1684,1544
TEST,out/4_gaussian.jpg,cevaplar,586,113,1672,113,1672,1020,586,1020
TEST,out/4_gaussian.jpg,kitapcik_cinsiyet,175,1505,577,1505,577,1624,175,1624
TEST,out/4_gaussian.jpg,bilgiler_elle,1532,1526,2089,1526,2089,1970,1532,1970
TEST,out/4_gaussian.jpg,sayisal,601,116,1014,116,1014,946,601,946
TEST,out/4_gaussian.jpg,sinif_sube,1392,1095,1541,1095,1541,1946,1392,1946
TEST,out/4_gaussian.jpg,kurum_ogrenci_no,1672,1026,2101,1026,2101,1398,1672,1398
TEST,out/92_gaussian.jpg,kitapcik_cinsiyet,976,1544,1160,1544,1160,2101,976,2101
TEST,out/92_gaussian.jpg,kenarcizgi,333,2110,2836,2110,2836,2196,333,2196
TEST,out/92_gaussian.jpg,sayisal,1782,199,2833,199,2833,642,1782,642
TEST,out/92_gaussian.jpg,sozel,1782,654,2827,654,2827,1508,1782,1508
TEST,out/92_gaussian.jpg,bilgiler_elle,366,1339,970,1339,970,2095,366,2095
TEST,out/92_gaussian.jpg,sinif_sube,369,1160,1577,1160,1577,1339,369,1339
TEST,out/92_gaussian.jpg,kurum_ogrenci_no,1163,1523,1693,1523,1693,2104,1163,2104
TEST,out/92_gaussian.jpg,tc,1684,1601,2220,1601,2220,2098,1684,2098
TEST,out/92_gaussian.jpg,cevaplar,1678,190,2827,190,2827,1511,1678,1511
TEST,out/92_gaussian.jpg,soyadi_adi,357,235,1675,235,1675,1154,357,1154
TEST,out/96_gaussian.jpg,sozel,1904,514,3005,514,3005,1422,1904,1422
TEST,out/96_gaussian.jpg,tc,1785,1511,2333,1511,2333,2017,1785,2017
TEST,out/96_gaussian.jpg,kitapcik_cinsiyet,1038,1425,1238,1425,1238,2005,1038,2005
TEST,out/96_gaussian.jpg,soyadi_adi,395,56,1788,56,1788,1026,395,1026
TEST,out/96_gaussian.jpg,sayisal,1910,38,2994,38,2994,497,1910,497
TEST,out/96_gaussian.jpg,bilgiler_elle,407,1202,1032,1202,1032,1997,407,1997
TEST,out/96_gaussian.jpg,kenarcizgi,375,2023,2988,2023,2988,2127,375,2127
TEST,out/96_gaussian.jpg,sinif_sube,398,1026,1672,1026,1672,1202,398,1202
TEST,out/96_gaussian.jpg,kurum_ogrenci_no,1241,1419,1782,1419,1782,2014,1241,2014
TEST,out/96_gaussian.jpg,cevaplar,1803,38,3011,38,3011,1428,1803,1428
TEST,out/78_gaussian.jpg,sayisal,1668,1764,2139,1764,2139,2841,1668,2841
TEST,out/78_gaussian.jpg,cevaplar,764,1677,2158,1677,2158,2865,764,2865
TEST,out/78_gaussian.jpg,sinif_sube,971,283,1149,283,1149,1533,971,1533
TEST,out/78_gaussian.jpg,bilgiler_elle,192,283,985,283,985,923,192,923
TEST,out/78_gaussian.jpg,tc,149,1653,677,1653,677,2206,149,2206
TEST,out/78_gaussian.jpg,sozel,769,1769,1668,1769,1668,2850,769,2850
TEST,out/78_gaussian.jpg,kitapcik_cinsiyet,192,927,759,927,759,1115,192,1115
TEST,out/78_gaussian.jpg,kurum_ogrenci_no,197,1125,764,1125,764,1653,197,1653
TEST,out/78_gaussian.jpg,kenarcizgi,76,269,187,269,187,2875,76,2875
TEST,out/78_gaussian.jpg,soyadi_adi,1129,288,2129,288,2129,1644,1129,1644
TEST,out/25_gaussian.jpg,bilgiler_elle,377,1235,970,1235,970,2002,377,2002
TEST,out/25_gaussian.jpg,tc,1660,1589,2178,1589,2178,2086,1660,2086
TEST,out/25_gaussian.jpg,cevaplar,1693,187,2901,187,2901,1568,1693,1568
TEST,out/25_gaussian.jpg,sayisal,1821,202,2901,202,2901,708,1821,708
TEST,out/25_gaussian.jpg,kenarcizgi,357,1985,2747,1985,2747,2217,357,2217
TEST,out/25_gaussian.jpg,kurum_ogrenci_no,1151,1491,1669,1491,1669,2029,1151,2029
TEST,out/25_gaussian.jpg,kitapcik_cinsiyet,967,1464,1154,1464,1154,2011,967,2011
TEST,out/25_gaussian.jpg,sozel,1803,672,2866,672,2866,1583,1803,1583
TEST,out/25_gaussian.jpg,sinif_sube,392,1068,1574,1068,1574,1238,392,1238
TEST,out/25_gaussian.jpg,soyadi_adi,386,139,1717,139,1717,1142,386,1142
TEST,out/89_gaussian.jpg,tc,1860,220,2369,220,2369,720,1860,720
TEST,out/89_gaussian.jpg,sozel,1232,791,2255,791,2255,1622,1232,1622
TEST,out/89_gaussian.jpg,kenarcizgi,1255,107,3705,107,3705,255,1255,255
TEST,out/89_gaussian.jpg,soyadi_adi,2348,1169,3648,1169,3648,2080,2348,2080
TEST,out/89_gaussian.jpg,kitapcik_cinsiyet,2880,255,3071,255,3071,800,2880,800
TEST,out/89_gaussian.jpg,sinif_sube,2485,1026,3642,1026,3642,1181,2485,1181
TEST,out/89_gaussian.jpg,sayisal,1211,1636,2241,1636,2241,2077,1211,2077
TEST,out/89_gaussian.jpg,kurum_ogrenci_no,3062,258,3666,258,3666,1011,3062,1011
TEST,out/89_gaussian.jpg,cevaplar,1208,776,2348,776,2348,2080,1208,2080
TEST,out/89_gaussian.jpg,kurum_ogrenci_no,2372,238,2889,238,2889,794,2372,794
TEST,out/30_gaussian.jpg,sozel,1785,630,2827,630,2827,1485,1785,1485
TEST,out/30_gaussian.jpg,kurum_ogrenci_no,1166,1473,1672,1473,1672,2041,1166,2041
TEST,out/30_gaussian.jpg,sinif_sube,375,1116,1565,1116,1565,1276,375,1276
TEST,out/30_gaussian.jpg,bilgiler_elle,360,1294,961,1294,961,2035,360,2035
TEST,out/30_gaussian.jpg,sayisal,1788,154,2821,154,2821,607,1788,607
TEST,out/30_gaussian.jpg,tc,1684,1556,2199,1556,2199,2044,1684,2044
TEST,out/30_gaussian.jpg,kenarcizgi,351,2056,2821,2056,2821,2148,351,2148
TEST,out/30_gaussian.jpg,soyadi_adi,354,193,1681,193,1681,1119,354,1119
TEST,out/30_gaussian.jpg,kitapcik_cinsiyet,961,1491,1154,1491,1154,2032,961,2032
TEST,out/30_gaussian.jpg,cevaplar,1687,157,2845,157,2845,1473,1687,1473
TEST,out/3_gaussian.jpg,sayisal,2270,83,2651,83,2651,928,2270,928
TEST,out/3_gaussian.jpg,kenarcizgi,2080,223,2160,223,2160,2074,2080,2074
TEST,out/3_gaussian.jpg,tc,3383,601,3824,601,3824,1011,3383,1011
TEST,out/3_gaussian.jpg,kitapcik_cinsiyet,3264,1419,3711,1419,3711,1568,3264,1568
TEST,out/3_gaussian.jpg,bilgiler_elle,3047,1559,3693,1559,3693,2014,3047,2014
TEST,out/3_gaussian.jpg,cevaplar,2270,77,3389,77,3389,1014,2270,1014
TEST,out/3_gaussian.jpg,kitapcik_cinsiyet,17,1556,431,1556,431,1696,17,1696
TEST,out/3_gaussian.jpg,soyadi_adi,2261,1023,3014,1023,3014,1979,2261,1979
TEST,out/3_gaussian.jpg,sinif_sube,2940,1098,3071,1098,3071,1982,2940,1982
TEST,out/3_gaussian.jpg,kurum_ogrenci_no,3285,1020,3761,1020,3761,1425,3285,1425
TEST,out/3_gaussian.jpg,sozel,2622,62,3389,62,3389,934,2622,934
TEST,out/3_gaussian.jpg,kenarcizgi,3666,80,3967,80,3967,2020,3666,2020
TEST,out/3_gaussian.jpg,soyadi_adi,672,1145,1449,1145,1449,2065,672,2065
TEST,out/3_gaussian.jpg,sinif_sube,1392,1226,1562,1226,1562,2062,1392,2062
TEST,out/3_gaussian.jpg,kurum_ogrenci_no,1654,1133,2098,1133,2098,1500,1654,1500
TEST,out/3_gaussian.jpg,sozel,931,232,1645,232,1645,1044,931,1044
TEST,out/3_gaussian.jpg,kitapcik_cinsiyet,1675,1514,2095,1514,2095,1630,1675,1630
TEST,out/3_gaussian.jpg,bilgiler_elle,1520,1639,2110,1639,2110,2062,1520,2062
TEST,out/3_gaussian.jpg,cevaplar,577,235,1657,235,1657,1133,577,1133
TEST,out/3_gaussian.jpg,tc,1690,732,2095,732,2095,1122,1690,1122
TEST,out/3_gaussian.jpg,kenarcizgi,229,267,547,267,547,2145,229,2145
TEST,out/3_gaussian.jpg,sayisal,568,255,991,255,991,1050,568,1050
TEST,out/84_gaussian.jpg,sayisal,1071,1574,2107,1574,2107,1991,1071,1991
TEST,out/84_gaussian.jpg,bilgiler_elle,2901,175,3523,175,3523,910,2901,910
TEST,out/84_gaussian.jpg,tc,1678,145,2226,145,2226,636,1678,636
TEST,out/84_gaussian.jpg,kitapcik_cinsiyet,2723,169,2925,169,2925,696,2723,696
TEST,out/84_gaussian.jpg,cevaplar,1068,708,2196,708,2196,1997,1068,1997
TEST,out/84_gaussian.jpg,sinif_sube,2321,916,3532,916,3532,1083,2321,1083
TEST,out/84_gaussian.jpg,soyadi_adi,2193,1062,3511,1062,3511,1985,2193,1985
TEST,out/84_gaussian.jpg,kurum_ogrenci_no,2205,151,2717,151,2717,702,2205,702
TEST,out/84_gaussian.jpg,kenarcizgi,1077,50,3550,50,3550,148,1077,148
TEST,out/84_gaussian.jpg,sozel,1080,714,2107,714,2107,1538,1080,1538
TEST,out/18_gaussian.jpg,kenarcizgi,482,1952,2898,1952,2898,2071,482,2071
TEST,out/18_gaussian.jpg,sinif_sube,502,1056,1636,1056,1636,1208,502,1208
TEST,out/18_gaussian.jpg,tc,1750,1488,2252,1488,2252,1961,1750,1961
TEST,out/18_gaussian.jpg,sozel,1851,574,2866,574,2866,1410,1851,1410
TEST,out/18_gaussian.jpg,kitapcik_cinsiyet,1080,1407,1252,1407,1252,1940,1080,1940
TEST,out/18_gaussian.jpg,kenarcizgi,1767,104,2872,104,2872,1407,1767,1407
TEST,out/18_gaussian.jpg,bilgiler_elle,494,1217,1068,1217,1068,1937,494,1937
TEST,out/18_gaussian.jpg,sayisal,1839,113,2895,113,2895,571,1839,571
TEST,out/18_gaussian.jpg,kurum_ogrenci_no,1252,1407,1750,1407,1750,1946,1252,1946
TEST,out/18_gaussian.jpg,soyadi_adi,497,145,1750,145,1750,1041,497,1041
TEST,out/35_gaussian.jpg,kitapcik_cinsiyet,1092,1479,1270,1479,1270,1979,1092,1979
TEST,out/35_gaussian.jpg,kenarcizgi,514,1991,2821,1991,2821,2068,514,2068
TEST,out/35_gaussian.jpg,bilgiler_elle,520,1291,1095,1291,1095,1991,520,1991
TEST,out/35_gaussian.jpg,soyadi_adi,500,273,1741,273,1741,1127,500,1127
TEST,out/35_gaussian.jpg,kurum_ogrenci_no,1270,1467,1741,1467,1741,1985,1270,1985
TEST,out/35_gaussian.jpg,sozel,1827,672,2779,672,2779,1443,1827,1443
TEST,out/35_gaussian.jpg,sinif_sube,532,1139,1651,1139,1651,1309,532,1309
TEST,out/35_gaussian.jpg,cevaplar,1738,252,2788,252,2788,1440,1738,1440
TEST,out/35_gaussian.jpg,sayisal,1833,264,2773,264,2773,693,1833,693
TEST,out/35_gaussian.jpg,tc,1744,1532,2238,1532,2238,1979,1744,1979
TEST,out/29_gaussian.jpg,bilgiler_elle,273,1386,937,1386,937,2175,273,2175
TEST,out/29_gaussian.jpg,cevaplar,1708,113,2967,113,2967,1547,1708,1547
TEST,out/29_gaussian.jpg,kurum_ogrenci_no,1169,1574,1723,1574,1723,2205,1169,2205
TEST,out/29_gaussian.jpg,sayisal,1818,130,2937,130,2937,613,1818,613
TEST,out/29_gaussian.jpg,soyadi_adi,252,163,1720,163,1720,1178,252,1178
TEST,out/29_gaussian.jpg,kitapcik_cinsiyet,952,1595,1151,1595,1151,2196,952,2196
TEST,out/29_gaussian.jpg,sozel,1830,613,2967,613,2967,1532,1830,1532
TEST,out/29_gaussian.jpg,tc,1741,1639,2306,1639,2306,2193,1741,2193
TEST,out/29_gaussian.jpg,sinif_sube,276,1187,1601,1187,1601,1369,276,1369
TEST,out/32_gaussian.jpg,kenarcizgi,3651,321,3806,321,3806,2244,3651,2244
TEST,out/32_gaussian.jpg,sozel,449,1288,1133,1288,1133,2122,449,2122
TEST,out/32_gaussian.jpg,soyadi_adi,2553,202,3288,202,3288,1223,2553,1223
TEST,out/32_gaussian.jpg,bilgiler_elle,1857,196,2434,196,2434,669,1857,669
TEST,out/32_gaussian.jpg,sayisal,2934,1315,3318,1315,3318,2151,2934,2151
TEST,out/32_gaussian.jpg,kurum_ogrenci_no,32,791,497,791,497,1199,32,1199
TEST,out/32_gaussian.jpg,bilgiler_elle,62,163,687,163,687,630,62,630
TEST,out/32_gaussian.jpg,cevaplar,440,1208,1517,1208,1517,2130,440,2130
TEST,out/32_gaussian.jpg,tc,2,1199,407,1199,407,1630,2,1630
TEST,out/32_gaussian.jpg,sinif_sube,672,172,815,172,815,1095,672,1095
TEST,out/32_gaussian.jpg,sozel,2261,1303,2955,1303,2955,2130,2261,2130
TEST,out/32_gaussian.jpg,cevaplar,2273,1214,3297,1214,3297,2160,2273,2160
TEST,out/32_gaussian.jpg,kurum_ogrenci_no,1833,806,2273,806,2273,1205,1833,1205
TEST,out/32_gaussian.jpg,soyadi_adi,773,169,1526,169,1526,1193,773,1193
TEST,out/32_gaussian.jpg,sayisal,1148,1285,1511,1285,1511,2136,1148,2136
TEST,out/32_gaussian.jpg,kitapcik_cinsiyet,1842,654,2270,654,2270,812,1842,812
TEST,out/32_gaussian.jpg,kenarcizgi,1752,148,1842,148,1842,2151,1752,2151
TEST,out/32_gaussian.jpg,sinif_sube,2413,202,2562,202,2562,1116,2413,1116
TEST,out/32_gaussian.jpg,kitapcik_cinsiyet,38,636,500,636,500,782,38,782
TEST,out/32_gaussian.jpg,tc,1812,1190,2214,1190,2214,1639,1812,1639
TEST,out/47_gaussian.jpg,kenarcizgi,2101,193,2178,193,2178,2062,2101,2062
TEST,out/47_gaussian.jpg,cevaplar,2607,1172,3672,1172,3672,2059,2607,2059
TEST,out/47_gaussian.jpg,soyadi_adi,2830,214,3577,214,3577,1169,2830,1169
TEST,out/47_gaussian.jpg,bilgiler_elle,2154,199,2735,199,2735,651,2154,651
TEST,out/47_gaussian.jpg,kurum_ogrenci_no,2157,773,2595,773,2595,1160,2157,1160
TEST,out/47_gaussian.jpg,kenarcizgi,309,196,482,196,482,2044,309,2044
TEST,out/47_gaussian.jpg,cevaplar,839,1160,1869,1160,1869,2059,839,2059
TEST,out/47_gaussian.jpg,kitapcik_cinsiyet,2163,639,2586,639,2586,785,2163,785
TEST,out/47_gaussian.jpg,tc,2175,1163,2559,1163,2559,1571,2175,1571
TEST,out/47_gaussian.jpg,sinif_sube,2702,217,2869,217,2869,1086,2702,1086
TEST,out/47_gaussian.jpg,sozel,842,1238,1523,1238,1523,2053,842,2053
TEST,out/47_gaussian.jpg,sayisal,3244,1247,3657,1247,3657,2041,3244,2041
TEST,out/47_gaussian.jpg,soyadi_adi,1166,217,1860,217,1860,1169,1166,1169
TEST,out/47_gaussian.jpg,sayisal,1526,1244,1869,1244,1869,2053,1526,2053
TEST,out/47_gaussian.jpg,bilgiler_elle,464,208,1059,208,1059,645,464,645
TEST,out/47_gaussian.jpg,sozel,2592,1247,3294,1247,3294,2065,2592,2065
TEST,out/47_gaussian.jpg,kurum_ogrenci_no,440,785,875,785,875,1172,440,1172
TEST,out/47_gaussian.jpg,kitapcik_cinsiyet,470,642,895,642,895,788,470,788
TEST,out/47_gaussian.jpg,tc,419,1166,794,1166,794,1577,419,1577
TEST,out/47_gaussian.jpg,sinif_sube,1047,211,1181,211,1181,1092,1047,1092
TEST,out/69_gaussian.jpg,cevaplar,1681,59,2916,59,2916,1461,1681,1461
TEST,out/69_gaussian.jpg,kurum_ogrenci_no,1133,1470,1690,1470,1690,2086,1133,2086
TEST,out/69_gaussian.jpg,sayisal,1782,71,2910,71,2910,520,1782,520
TEST,out/69_gaussian.jpg,bilgiler_elle,241,1270,913,1270,913,2068,241,2068
TEST,out/69_gaussian.jpg,sinif_sube,252,1074,1574,1074,1574,1258,252,1258
TEST,out/69_gaussian.jpg,sozel,1791,541,2904,541,2904,1452,1791,1452
TEST,out/69_gaussian.jpg,kenarcizgi,220,2092,2952,2092,2952,2181,220,2181
TEST,out/69_gaussian.jpg,tc,1690,1547,2258,1547,2258,2071,1690,2071
TEST,out/69_gaussian.jpg,kitapcik_cinsiyet,928,1488,1127,1488,1127,2071,928,2071
TEST,out/69_gaussian.jpg,soyadi_adi,223,74,1696,74,1696,1083,223,1083
TEST,out/42_gaussian.jpg,tc,1738,1491,2220,1491,2220,1937,1738,1937
TEST,out/42_gaussian.jpg,sozel,1839,630,2773,630,2773,1422,1839,1422
TEST,out/42_gaussian.jpg,soyadi_adi,494,226,1750,226,1750,1089,494,1089
TEST,out/42_gaussian.jpg,kenarcizgi,508,1952,2842,1952,2842,2017,508,2017
TEST,out/42_gaussian.jpg,kitapcik_cinsiyet,1074,1422,1267,1422,1267,1946,1074,1946
TEST,out/42_gaussian.jpg,sinif_sube,526,1080,1636,1080,1636,1252,526,1252
TEST,out/42_gaussian.jpg,sayisal,1836,217,2770,217,2770,630,1836,630
TEST,out/42_gaussian.jpg,bilgiler_elle,514,1238,1095,1238,1095,1946,514,1946
TEST,out/42_gaussian.jpg,cevaplar,1723,220,2788,220,2788,1425,1723,1425
TEST,out/42_gaussian.jpg,kurum_ogrenci_no,1267,1413,1738,1413,1738,1937,1267,1937
TEST,out/85_gaussian.jpg,kitapcik_cinsiyet,2755,184,2934,184,2934,720,2755,720
TEST,out/85_gaussian.jpg,cevaplar,1154,752,2276,752,2276,2020,1154,2020
TEST,out/85_gaussian.jpg,soyadi_adi,2255,1095,3565,1095,3565,1982,2255,1982
TEST,out/85_gaussian.jpg,tc,1738,196,2255,196,2255,657,1738,657
TEST,out/85_gaussian.jpg,sayisal,1160,1571,2163,1571,2163,2005,1160,2005
TEST,out/85_gaussian.jpg,bilgiler_elle,2943,187,3538,187,3538,913,2943,913
TEST,out/85_gaussian.jpg,kenarcizgi,1127,107,3577,107,3577,160,1127,160
TEST,out/85_gaussian.jpg,sozel,1151,758,2166,758,2166,1574,1151,1574
TEST,out/85_gaussian.jpg,sinif_sube,2366,916,3553,916,3553,1080,2366,1080
TEST,out/85_gaussian.jpg,kurum_ogrenci_no,2247,184,2747,184,2747,726,2247,726
TEST,out/8_gaussian.jpg,soyadi_adi,2541,249,3303,249,3303,1181,2541,1181
TEST,out/8_gaussian.jpg,tc,205,1211,610,1211,610,1624,205,1624
TEST,out/8_gaussian.jpg,kenarcizgi,1809,220,1886,220,1886,2104,1809,2104
TEST,out/8_gaussian.jpg,kurum_ogrenci_no,247,806,705,806,705,1199,247,1199
TEST,out/8_gaussian.jpg,sozel,666,1270,1354,1270,1354,2119,666,2119
TEST,out/8_gaussian.jpg,bilgiler_elle,3318,113,3898,113,3898,523,3318,523
TEST,out/8_gaussian.jpg,kitapcik_cinsiyet,1854,675,2297,675,2297,821,1854,821
TEST,out/8_gaussian.jpg,cevaplar,657,1199,1732,1199,1732,2107,657,2107
TEST,out/8_gaussian.jpg,bilgiler_elle,285,232,880,232,880,660,285,660
TEST,out/8_gaussian.jpg,kurum_ogrenci_no,3366,651,3833,651,3833,1026,3366,1026
TEST,out/8_gaussian.jpg,sayisal,1360,1250,1726,1250,1726,2083,1360,2083
TEST,out/8_gaussian.jpg,sinif_sube,2413,252,2574,252,2574,1104,2413,1104
TEST,out/8_gaussian.jpg,kitapcik_cinsiyet,273,663,714,663,714,821,273,821
TEST,out/8_gaussian.jpg,tc,3413,1029,3824,1029,3824,1419,3413,1419
TEST,out/8_gaussian.jpg,kenarcizgi,3252,95,3517,95,3517,1895,3252,1895
TEST,out/8_gaussian.jpg,kurum_ogrenci_no,1860,818,2312,818,2312,1187,1860,1187
TEST,out/8_gaussian.jpg,sozel,2315,1267,3041,1267,3041,2092,2315,2092
TEST,out/8_gaussian.jpg,sinif_sube,883,223,1011,223,1011,1104,883,1104
TEST,out/8_gaussian.jpg,kitapcik_cinsiyet,3369,523,3782,523,3782,654,3369,654
TEST,out/8_gaussian.jpg,cevaplar,2303,1190,3410,1190,3410,2074,2303,2074
TEST,out/8_gaussian.jpg,bilgiler_elle,1848,247,2440,247,2440,669,1848,669
TEST,out/8_gaussian.jpg,tc,1851,1187,2288,1187,2288,1627,1851,1627
TEST,out/8_gaussian.jpg,kenarcizgi,68,217,312,217,312,2130,68,2130
TEST,out/8_gaussian.jpg,sayisal,2988,1252,3404,1252,3404,2086,2988,2086
TEST,out/8_gaussian.jpg,soyadi_adi,994,226,1720,226,1720,1178,994,1178
TEST,out/1_gaussian.jpg,kenarcizgi,174,391,349,391,349,2777,174,2777
TEST,out/1_gaussian.jpg,sozel,841,1793,1694,1793,1694,2835,841,2835
TEST,out/1_gaussian.jpg,tc,285,1677,772,1677,772,2195,285,2195
TEST,out/1_gaussian.jpg,kitapcik_cinsiyet,333,984,878,984,878,1190,333,1190
TEST,out/1_gaussian.jpg,soyadi_adi,1238,444,2138,444,2138,1730,1238,1730
TEST,out/1_gaussian.jpg,bilgiler_elle,333,412,1080,412,1080,1015,333,1015
TEST,out/1_gaussian.jpg,sayisal,1662,1798,2138,1798,2138,2851,1662,2851
TEST,out/1_gaussian.jpg,sinif_sube,1085,455,1249,455,1249,1582,1085,1582
TEST,out/1_gaussian.jpg,kurum_ogrenci_no,307,1185,862,1185,862,1693,307,1693
TEST,out/1_gaussian.jpg,cevaplar,841,1698,2138,1698,2138,2846,841,2846
TEST,out/98_gaussian.jpg,sinif_sube,476,925,1705,925,1705,1136,476,1136
TEST,out/98_gaussian.jpg,kurum_ogrenci_no,1235,1395,1785,1395,1785,1979,1235,1979
TEST,out/98_gaussian.jpg,bilgiler_elle,452,1095,1080,1095,1080,1907,452,1907
TEST,out/98_gaussian.jpg,cevaplar,1812,80,3172,80,3172,1562,1812,1562
TEST,out/98_gaussian.jpg,sozel,1919,592,3092,592,3092,1562,1919,1562
TEST,out/98_gaussian.jpg,soyadi_adi,476,2,1910,2,1910,1062,476,1062
TEST,out/98_gaussian.jpg,tc,1744,1532,2315,1532,2315,2056,1744,2056
TEST,out/98_gaussian.jpg,kitapcik_cinsiyet,1050,1377,1258,1377,1258,1922,1050,1922
TEST,out/98_gaussian.jpg,kenarcizgi,431,1854,2889,1854,2889,2217,431,2217
TEST,out/98_gaussian.jpg,sayisal,1997,101,3172,101,3172,645,1997,645
TEST,out/46_gaussian.jpg,sozel,2702,1211,3392,1211,3392,2017,2702,2017
TEST,out/46_gaussian.jpg,kurum_ogrenci_no,434,788,854,788,854,1181,434,1181
TEST,out/46_gaussian.jpg,cevaplar,2699,1130,3755,1130,3755,2002,2699,2002
TEST,out/46_gaussian.jpg,kenarcizgi,309,193,446,193,446,2077,309,2077
TEST,out/46_gaussian.jpg,cevaplar,848,1157,1869,1157,1869,2068,848,2068
TEST,out/46_gaussian.jpg,kurum_ogrenci_no,2244,750,2675,750,2675,1127,2244,1127
TEST,out/46_gaussian.jpg,sinif_sube,1017,199,1151,199,1151,1077,1017,1077
TEST,out/46_gaussian.jpg,sayisal,1532,1226,1872,1226,1872,2041,1532,2041
TEST,out/46_gaussian.jpg,bilgiler_elle,446,202,1032,202,1032,648,446,648
TEST,out/46_gaussian.jpg,bilgiler_elle,2241,166,2797,166,2797,604,2241,604
TEST,out/46_gaussian.jpg,kitapcik_cinsiyet,2244,613,2651,613,2651,738,2244,738
TEST,out/46_gaussian.jpg,sinif_sube,2782,166,2955,166,2955,1038,2782,1038
TEST,out/46_gaussian.jpg,sayisal,3342,1205,3752,1205,3752,1997,3342,1997
TEST,out/46_gaussian.jpg,kenarcizgi,2169,154,2258,154,2258,2008,2169,2008
TEST,out/46_gaussian.jpg,tc,2244,1142,2645,1142,2645,1544,2244,1544
TEST,out/46_gaussian.jpg,sinif_sube,1145,169,1854,169,1854,1148,1145,1148
TEST,out/46_gaussian.jpg,tc,419,1193,776,1193,776,1580,419,1580
TEST,out/46_gaussian.jpg,soyadi_adi,2910,148,3666,148,3666,1104,2910,1104
TEST,out/46_gaussian.jpg,kitapcik_cinsiyet,422,645,857,645,857,782,422,782
TEST,out/46_gaussian.jpg,sozel,860,1244,1517,1244,1517,2068,860,2068
TEST,out/63_gaussian.jpg,tc,1717,1592,2217,1592,2217,2041,1717,2041
TEST,out/63_gaussian.jpg,bilgiler_elle,413,1312,1008,1312,1008,2041,413,2041
TEST,out/63_gaussian.jpg,sayisal,1827,241,2824,241,2824,648,1827,648
TEST,out/63_gaussian.jpg,cevaplar,1732,238,2806,238,2806,1488,1732,1488
TEST,out/63_gaussian.jpg,kitapcik_cinsiyet,1020,1517,1193,1517,1193,2050,1020,2050
TEST,out/63_gaussian.jpg,soyadi_adi,407,241,1711,241,1711,1130,407,1130
TEST,out/63_gaussian.jpg,sinif_sube,410,1136,1604,1136,1604,1303,410,1303
TEST,out/63_gaussian.jpg,kenarcizgi,392,2074,2815,2074,2815,2151,392,2151
TEST,out/63_gaussian.jpg,sozel,1827,684,2824,684,2824,1502,1827,1502
TEST,out/63_gaussian.jpg,kurum_ogrenci_no,1214,1511,1711,1511,1711,2056,1214,2056
TEST,out/36_gaussian.jpg,kenarcizgi,511,1881,2828,1881,2828,1966,511,1966
TEST,out/36_gaussian.jpg,bilgiler_elle,511,1183,1074,1183,1074,1894,511,1894
TEST,out/36_gaussian.jpg,sinif_sube,498,1009,1626,1009,1626,1188,498,1188
TEST,out/36_gaussian.jpg,kitapcik_cinsiyet,1099,1375,1260,1375,1260,1871,1099,1871
TEST,out/36_gaussian.jpg,sozel,1841,508,2813,508,2813,1326,1841,1326
TEST,out/36_gaussian.jpg,cevaplar,1728,66,2820,66,2820,1326,1728,1326
TEST,out/36_gaussian.jpg,kurum_ogrenci_no,1276,1360,1749,1360,1749,1871,1276,1871
TEST,out/36_gaussian.jpg,sayisal,1826,71,2800,71,2800,524,1826,524
TEST,out/36_gaussian.jpg,tc,1767,1421,2250,1421,2250,1858,1767,1858
TEST,out/36_gaussian.jpg,kenarcizgi,531,2027,2851,2027,2851,2137,531,2137
TEST,out/36_gaussian.jpg,soyadi_adi,457,120,1731,120,1731,1020,457,1020
TEST,out/38_gaussian.jpg,bilgiler_elle,264,151,848,151,848,607,264,607
TEST,out/38_gaussian.jpg,sayisal,3181,1354,3574,1354,3574,2172,3181,2172
TEST,out/38_gaussian.jpg,cevaplar,681,1145,1696,1145,1696,2041,681,2041
TEST,out/38_gaussian.jpg,bilgiler_elle,2041,244,2627,244,2627,711,2041,711
TEST,out/38_gaussian.jpg,kurum_ogrenci_no,2044,866,2476,866,2476,1258,2044,1258
TEST,out/38_gaussian.jpg,soyadi_adi,976,142,1684,142,1684,1133,976,1133
TEST,out/38_gaussian.jpg,kitapcik_cinsiyet,250,613,687,613,687,755,250,755
TEST,out/38_gaussian.jpg,sozel,681,1226,1339,1226,1339,2035,681,2035
TEST,out/38_gaussian.jpg,kenarcizgi,1979,226,2035,226,2035,2202,1979,2202
TEST,out/38_gaussian.jpg,kurum_ogrenci_no,247,755,675,755,675,1145,247,1145
TEST,out/38_gaussian.jpg,kitapcik_cinsiyet,2050,723,2464,723,2464,860,2050,860
TEST,out/38_gaussian.jpg,soyadi_adi,2767,247,3517,247,3517,1261,2767,1261
TEST,out/38_gaussian.jpg,sinif_sube,2622,249,2770,249,2770,1175,2622,1175
TEST,out/38_gaussian.jpg,sayisal,1354,1214,1681,1214,1681,2026,1354,2026
TEST,out/38_gaussian.jpg,tc,232,1166,604,1166,604,1565,232,1565
TEST,out/38_gaussian.jpg,sinif_sube,854,148,976,148,976,1056,854,1056
TEST,out/38_gaussian.jpg,sozel,2505,1357,3205,1357,3205,2193,2505,2193
TEST,out/38_gaussian.jpg,cevaplar,2505,1276,3574,1276,3574,2193,2505,2193
TEST,out/38_gaussian.jpg,kenarcizgi,136,122,255,122,255,2047,136,2047
TEST,out/38_gaussian.jpg,tc,2050,1267,2425,1267,2425,1690,2050,1690
TEST,out/44_gaussian.jpg,kenarcizgi,571,1943,2848,1943,2848,2000,571,2000
TEST,out/44_gaussian.jpg,soyadi_adi,577,226,1800,226,1800,1071,577,1071
TEST,out/44_gaussian.jpg,kitapcik_cinsiyet,1142,1410,1327,1410,1327,1919,1142,1919
TEST,out/44_gaussian.jpg,kurum_ogrenci_no,1330,1416,1803,1416,1803,1913,1330,1913
TEST,out/44_gaussian.jpg,cevaplar,1797,220,2845,220,2845,1398,1797,1398
TEST,out/44_gaussian.jpg,sinif_sube,589,1083,1693,1083,1693,1235,589,1235
TEST,out/44_gaussian.jpg,bilgiler_elle,595,1226,1151,1226,1151,1922,595,1922
TEST,out/44_gaussian.jpg,sayisal,1907,217,2836,217,2836,601,1907,601
TEST,out/44_gaussian.jpg,sozel,1907,625,2833,625,2833,1389,1907,1389
TEST,out/44_gaussian.jpg,tc,1800,1473,2288,1473,2288,1928,1800,1928
TEST,out/67_gaussian.jpg,kitapcik_cinsiyet,2122,687,2544,687,2544,824,2122,824
TEST,out/67_gaussian.jpg,soyadi_adi,2812,202,3586,202,3586,1217,2812,1217
TEST,out/67_gaussian.jpg,sozel,651,1348,1357,1348,1357,2199,651,2199
TEST,out/67_gaussian.jpg,tc,2119,1238,2520,1238,2520,1639,2119,1639
TEST,out/67_gaussian.jpg,sinif_sube,2684,214,2842,214,2842,1119,2684,1119
TEST,out/67_gaussian.jpg,kurum_ogrenci_no,208,866,651,866,651,1273,208,1273
TEST,out/67_gaussian.jpg,cevaplar,645,1247,1711,1247,1711,2211,645,2211
TEST,out/67_gaussian.jpg,cevaplar,2586,1220,3681,1220,3681,2142,2586,2142
TEST,out/67_gaussian.jpg,kenarcizgi,2044,205,2139,205,2139,2166,2044,2166
TEST,out/67_gaussian.jpg,soyadi_adi,2110,214,2702,214,2702,672,2110,672
TEST,out/67_gaussian.jpg,soyadi_adi,979,223,1717,223,1717,1247,979,1247
TEST,out/67_gaussian.jpg,sayisal,3247,1303,3672,1303,3672,2133,3247,2133
TEST,out/67_gaussian.jpg,kitapcik_cinsiyet,238,726,660,726,660,854,238,854
TEST,out/67_gaussian.jpg,bilgiler_elle,235,247,833,247,833,693,235,693
TEST,out/67_gaussian.jpg,sozel,2580,1309,3303,1309,3303,2151,2580,2151
TEST,out/67_gaussian.jpg,kenarcizgi,83,238,226,238,226,2235,83,2235
TEST,out/67_gaussian.jpg,sinif_sube,848,247,973,247,973,1157,848,1157
TEST,out/67_gaussian.jpg,tc,196,1288,589,1288,589,1711,196,1711
TEST,out/67_gaussian.jpg,sayisal,1366,1342,1714,1342,1714,2175,1366,2175
TEST,out/67_gaussian.jpg,kurum_ogrenci_no,2116,827,2550,827,2550,1229,2116,1229
TEST,out/76_gaussian.jpg,sozel,701,1894,1591,1894,1591,2975,701,2975
TEST,out/76_gaussian.jpg,kitapcik_cinsiyet,86,1004,649,1004,649,1192,86,1192
TEST,out/76_gaussian.jpg,sinif_sube,875,341,1057,341,1057,1629,875,1629
TEST,out/76_gaussian.jpg,tc,67,1759,572,1759,572,2312,67,2312
TEST,out/76_gaussian.jpg,bilgiler_elle,57,331,875,331,875,1009,57,1009
TEST,out/76_gaussian.jpg,sayisal,1596,1889,2072,1889,2072,2975,1596,2975
TEST,out/76_gaussian.jpg,kurum_ogrenci_no,62,1211,663,1211,663,1750,62,1750
TEST,out/76_gaussian.jpg,soyadi_adi,1038,336,2052,336,2052,1754,1038,1754
TEST,out/76_gaussian.jpg,cevaplar,687,1788,2076,1788,2076,2975,687,2975
TEST,out/61_gaussian.jpg,kurum_ogrenci_no,303,797,755,797,755,1193,303,1193
TEST,out/61_gaussian.jpg,kenarcizgi,166,166,342,166,342,2133,166,2133
TEST,out/61_gaussian.jpg,soyadi_adi,2883,223,3645,223,3645,1223,2883,1223
TEST,out/61_gaussian.jpg,soyadi_adi,1083,181,1803,181,1803,1184,1083,1184
TEST,out/61_gaussian.jpg,kitapcik_cinsiyet,2178,690,2610,690,2610,818,2178,818
TEST,out/61_gaussian.jpg,sayisal,1476,1264,1800,1264,1800,2092,1476,2092
TEST,out/61_gaussian.jpg,bilgiler_elle,336,181,949,181,949,639,336,639
TEST,out/61_gaussian.jpg,bilgiler_elle,2166,211,2764,211,2764,675,2166,675
TEST,out/61_gaussian.jpg,sayisal,3324,1318,3750,1318,3750,2136,3324,2136
TEST,out/61_gaussian.jpg,tc,282,1196,681,1196,681,1616,282,1616
TEST,out/61_gaussian.jpg,sinif_sube,2747,223,2922,223,2922,1139,2747,1139
TEST,out/61_gaussian.jpg,kurum_ogrenci_no,2184,827,2622,827,2622,1229,2184,1229
TEST,out/61_gaussian.jpg,kenarcizgi,2116,202,2193,202,2193,2172,2116,2172
TEST,out/61_gaussian.jpg,sozel,2657,1324,3369,1324,3369,2139,2657,2139
TEST,out/61_gaussian.jpg,sinif_sube,955,184,1092,184,1092,1098,955,1098
TEST,out/61_gaussian.jpg,kitapcik_cinsiyet,327,645,773,645,773,785,327,785
TEST,out/61_gaussian.jpg,cevaplar,2654,1247,3767,1247,3767,2142,2654,2142
TEST,out/61_gaussian.jpg,sozel,744,1288,1449,1288,1449,2116,744,2116
TEST,out/61_gaussian.jpg,tc,2199,1235,2574,1235,2574,1645,2199,1645
TEST,out/61_gaussian.jpg,cevaplar,767,1196,1803,1196,1803,2122,767,2122
TEST,out/11_gaussian.jpg,cevaplar,757,1941,1667,1941,1667,3063,757,3063
TEST,out/11_gaussian.jpg,sinif_sube,947,433,1122,433,1122,1687,947,1687
TEST,out/11_gaussian.jpg,kenarcizgi,5,417,127,417,127,3047,5,3047
TEST,out/11_gaussian.jpg,kurum_ogrenci_no,132,1253,725,1253,725,1804,132,1804
TEST,out/11_gaussian.jpg,soyadi_adi,1132,402,2138,402,2138,1798,1132,1798
TEST,out/11_gaussian.jpg,sayisal,1678,1920,2186,1920,2186,3058,1678,3058
TEST,out/11_gaussian.jpg,kitapcik_cinsiyet,148,1042,735,1042,735,1248,148,1248
TEST,out/11_gaussian.jpg,tc,116,1804,640,1804,640,2386,116,2386
TEST,out/11_gaussian.jpg,bilgiler_elle,174,417,952,417,952,1052,174,1052
TEST,out/11_gaussian.jpg,cevaplar,735,1820,2181,1820,2181,3068,735,3068
TEST,out/81_gaussian.jpg,kenarcizgi,3714,44,3860,44,3860,1946,3714,1946
TEST,out/81_gaussian.jpg,kurum_ogrenci_no,1520,970,1925,970,1925,1330,1520,1330
TEST,out/81_gaussian.jpg,soyadi_adi,2315,973,3011,973,3011,1928,2315,1928
TEST,out/81_gaussian.jpg,kenarcizgi,1943,107,2002,107,2002,1946,1943,1946
TEST,out/81_gaussian.jpg,kitapcik_cinsiyet,1526,1345,1916,1345,1916,1473,1526,1473
TEST,out/81_gaussian.jpg,kenarcizgi,154,92,321,92,321,1931,154,1931
TEST,out/81_gaussian.jpg,sinif_sube,2997,1044,3116,1044,3116,1928,2997,1928
TEST,out/81_gaussian.jpg,sayisal,482,92,857,92,857,860,482,860
TEST,out/81_gaussian.jpg,soyadi_adi,556,970,1261,970,1261,1904,556,1904
TEST,out/81_gaussian.jpg,tc,1577,574,1925,574,1925,967,1577,967
TEST,out/81_gaussian.jpg,sinif_sube,1255,1053,1377,1053,1377,1898,1255,1898
TEST,out/81_gaussian.jpg,kitapcik_cinsiyet,3300,1354,3720,1354,3720,1479,3300,1479
TEST,out/81_gaussian.jpg,cevaplar,2312,65,3330,65,3330,961,2312,961
TEST,out/81_gaussian.jpg,sozel,2657,71,3327,71,3327,869,2657,869
TEST,out/81_gaussian.jpg,sozel,857,98,1508,98,1508,875,857,875
TEST,out/81_gaussian.jpg,kurum_ogrenci_no,3309,958,3720,958,3720,1333,3309,1333
TEST,out/81_gaussian.jpg,bilgiler_elle,3136,1497,3696,1497,3696,1928,3136,1928
TEST,out/81_gaussian.jpg,bilgiler_elle,1380,1482,1922,1482,1922,1919,1380,1919
TEST,out/81_gaussian.jpg,tc,3380,559,3750,559,3750,952,3380,952
TEST,out/81_gaussian.jpg,sayisal,2312,80,2660,80,2660,875,2312,875
TEST,out/81_gaussian.jpg,cevaplar,511,89,1508,89,1508,952,511,952
TEST,out/91_gaussian.jpg,kitapcik_cinsiyet,1119,1562,1303,1562,1303,2139,1119,2139
TEST,out/91_gaussian.jpg,sinif_sube,500,1172,1717,1172,1717,1336,500,1336
TEST,out/91_gaussian.jpg,tc,1866,1642,2392,1642,2392,2130,1866,2130
TEST,out/91_gaussian.jpg,kenarcizgi,458,2163,3065,2163,3065,2244,458,2244
TEST,out/91_gaussian.jpg,sozel,1970,648,3050,648,3050,1526,1970,1526
TEST,out/91_gaussian.jpg,kurum_ogrenci_no,1330,1559,1842,1559,1842,2130,1330,2130
TEST,out/91_gaussian.jpg,cevaplar,1857,160,3050,160,3050,1526,1857,1526
TEST,out/91_gaussian.jpg,soyadi_adi,494,205,1845,205,1845,1157,494,1157
TEST,out/91_gaussian.jpg,bilgiler_elle,482,1345,1104,1345,1104,2127,482,2127
TEST,out/91_gaussian.jpg,sayisal,1967,166,3044,166,3044,625,1967,625
TEST,out/90_gaussian.jpg,kenarcizgi,1244,5,3595,5,3595,318,1244,318
TEST,out/90_gaussian.jpg,sayisal,1038,1464,2125,1464,2125,1982,1038,1982
TEST,out/90_gaussian.jpg,tc,1821,166,2330,166,2330,633,1821,633
TEST,out/90_gaussian.jpg,kitapcik_cinsiyet,2821,261,3002,261,3002,773,2821,773
TEST,out/90_gaussian.jpg,soyadi_adi,2223,1083,3559,1083,3559,2107,2223,2107
TEST,out/90_gaussian.jpg,bilgiler_elle,2985,285,3574,285,3574,1023,2985,1023
TEST,out/90_gaussian.jpg,sozel,1116,619,2193,619,2193,1508,1116,1508
TEST,out/90_gaussian.jpg,sinif_sube,2386,1011,3556,1011,3556,1190,2386,1190
TEST,out/90_gaussian.jpg,kurum_ogrenci_no,2315,214,2830,214,2830,755,2315,755
TEST,out/90_gaussian.jpg,cevaplar,1038,619,2288,619,2288,1991,1038,1991
TEST,out/0_gaussian.jpg,bilgiler_elle,341,312,1110,312,1110,903,341,903
TEST,out/0_gaussian.jpg,sayisal,1774,1764,2221,1764,2221,2855,1774,2855
TEST,out/0_gaussian.jpg,kurum_ogrenci_no,326,1115,865,1115,865,1629,326,1629
TEST,out/0_gaussian.jpg,sozel,879,1764,1745,1764,1745,2855,879,2855
TEST,out/0_gaussian.jpg,sinif_sube,1125,307,1288,307,1288,1524,1125,1524
TEST,out/0_gaussian.jpg,soyadi_adi,1274,302,2230,302,2230,1634,1274,1634
TEST,out/0_gaussian.jpg,tc,293,1634,778,1634,778,2163,293,2163
TEST,out/0_gaussian.jpg,cevaplar,865,1658,2230,1658,2230,2860,865,2860
TEST,out/0_gaussian.jpg,kitapcik_cinsiyet,350,927,875,927,875,1100,350,1100
TEST,out/0_gaussian.jpg,kenarcizgi,168,288,326,288,326,2798,168,2798
TEST,out/64_gaussian.jpg,cevaplar,1729,133,2866,133,2866,1425,1729,1425
TEST,out/64_gaussian.jpg,sozel,1824,589,2845,589,2845,1428,1824,1428
TEST,out/64_gaussian.jpg,kenarcizgi,407,1934,2794,1934,2794,2077,407,2077
TEST,out/64_gaussian.jpg,kurum_ogrenci_no,1202,1398,1702,1398,1702,1937,1202,1937
TEST,out/64_gaussian.jpg,kitapcik_cinsiyet,1020,1401,1196,1401,1196,1922,1020,1922
TEST,out/64_gaussian.jpg,tc,1711,1491,2205,1491,2205,1949,1711,1949
TEST,out/64_gaussian.jpg,bilgiler_elle,431,1202,1011,1202,1011,1916,431,1916
TEST,out/64_gaussian.jpg,sinif_sube,440,1035,1589,1035,1589,1178,440,1178
TEST,out/64_gaussian.jpg,soyadi_adi,437,133,1711,133,1711,1029,437,1029
TEST,out/64_gaussian.jpg,sayisal,1836,130,2860,130,2860,574,1836,574
TEST,out/53_gaussian.jpg,sayisal,3232,1288,3630,1288,3630,2089,3232,2089
TEST,out/53_gaussian.jpg,sinif_sube,892,238,1005,238,1005,1125,892,1125
TEST,out/53_gaussian.jpg,cevaplar,684,1220,1726,1220,1726,2127,684,2127
TEST,out/53_gaussian.jpg,kitapcik_cinsiyet,294,693,714,693,714,824,294,824
TEST,out/53_gaussian.jpg,tc,244,1232,619,1232,619,1633,244,1633
TEST,out/53_gaussian.jpg,kurum_ogrenci_no,2125,842,2550,842,2550,1214,2125,1214
TEST,out/53_gaussian.jpg,sayisal,1377,1288,1708,1288,1708,2116,1377,2116
TEST,out/53_gaussian.jpg,kenarcizgi,2068,244,2160,244,2160,2107,2068,2107
TEST,out/53_gaussian.jpg,soyadi_adi,1005,235,1708,235,1708,1205,1005,1205
TEST,out/53_gaussian.jpg,kurum_ogrenci_no,267,830,702,830,702,1217,267,1217
TEST,out/53_gaussian.jpg,kitapcik_cinsiyet,2130,702,2535,702,2535,821,2130,821
TEST,out/53_gaussian.jpg,kenarcizgi,136,229,303,229,303,2127,136,2127
TEST,out/53_gaussian.jpg,cevaplar,2574,1214,3630,1214,3630,2104,2574,2104
TEST,out/53_gaussian.jpg,bilgiler_elle,2119,249,2684,249,2684,690,2119,690
TEST,out/53_gaussian.jpg,soyadi_adi,2797,247,3532,247,3532,1199,2797,1199
TEST,out/53_gaussian.jpg,sozel,690,1303,1354,1303,1354,2119,690,2119
TEST,out/53_gaussian.jpg,sinif_sube,2669,258,2833,258,2833,1116,2669,1116
TEST,out/53_gaussian.jpg,tc,2154,1217,2517,1217,2517,1619,2154,1619
TEST,out/53_gaussian.jpg,bilgiler_elle,306,235,883,235,883,687,306,687
TEST,out/53_gaussian.jpg,sozel,2583,1297,3273,1297,3273,2107,2583,2107
TEST,out/51_gaussian.jpg,soyadi_adi,2318,1136,3607,1136,3607,2083,2318,2083
TEST,out/51_gaussian.jpg,kenarcizgi,1312,107,3633,107,3633,291,1312,291
TEST,out/51_gaussian.jpg,bilgiler_elle,3035,288,3610,288,3610,1017,3035,1017
TEST,out/51_gaussian.jpg,sinif_sube,2446,1017,3595,1017,3595,1163,2446,1163
TEST,out/51_gaussian.jpg,kurum_ogrenci_no,2351,255,2848,255,2848,782,2351,782
TEST,out/51_gaussian.jpg,kitapcik_cinsiyet,2857,279,3032,279,3032,782,2857,782
TEST,out/51_gaussian.jpg,sozel,1217,732,2232,732,2232,1562,1217,1562
TEST,out/51_gaussian.jpg,cevaplar,1190,735,2324,735,2324,2020,1190,2020
TEST,out/51_gaussian.jpg,sayisal,1187,1553,2202,1553,2202,2053,1187,2053
TEST,out/51_gaussian.jpg,tc,1860,229,2360,229,2360,687,1860,687
TEST,out/21_gaussian.jpg,tc,1677,1613,2232,1613,2232,2127,1677,2127
TEST,out/21_gaussian.jpg,kitapcik_cinsiyet,897,1539,1089,1539,1089,2127,897,2127
TEST,out/21_gaussian.jpg,sinif_sube,248,1125,1531,1125,1531,1298,248,1298
TEST,out/21_gaussian.jpg,sozel,1782,582,2905,582,2905,1495,1782,1495
TEST,out/21_gaussian.jpg,kenarcizgi,219,2160,2913,2160,2913,2196,219,2196
TEST,out/21_gaussian.jpg,cevaplar,1675,76,2897,76,2897,1490,1675,1490
TEST,out/21_gaussian.jpg,sayisal,1777,69,2897,69,2897,559,1777,559
TEST,out/21_gaussian.jpg,bilgiler_elle,240,1321,882,1321,882,2119,240,2119
TEST,out/21_gaussian.jpg,soyadi_adi,225,107,1649,107,1649,1119,225,1119
TEST,out/21_gaussian.jpg,kurum_ogrenci_no,1102,1534,1654,1534,1654,2129,1102,2129
TEST,out/26_gaussian.jpg,kitapcik_cinsiyet,2253,644,2682,644,2682,779,2253,779
TEST,out/26_gaussian.jpg,tc,396,1181,780,1181,780,1590,396,1590
TEST,out/26_gaussian.jpg,sozel,2713,1303,3429,1303,3429,2163,2713,2163
TEST,out/26_gaussian.jpg,sinif_sube,1051,148,1179,148,1179,1081,1051,1081
TEST,out/26_gaussian.jpg,kenarcizgi,2184,145,2227,145,2227,2134,2184,2134
TEST,out/26_gaussian.jpg,tc,2250,1209,2634,1209,2634,1631,2250,1631
TEST,out/26_gaussian.jpg,kenarcizgi,281,125,450,125,450,2086,281,2086
TEST,out/26_gaussian.jpg,sozel,818,1275,1519,1275,1519,2111,818,2111
TEST,out/26_gaussian.jpg,kitapcik_cinsiyet,445,616,869,616,869,756,445,756
TEST,out/26_gaussian.jpg,sinif_sube,2864,166,3000,166,3000,1101,2864,1101
TEST,out/26_gaussian.jpg,kurum_ogrenci_no,2258,800,2687,800,2687,1194,2258,1194
TEST,out/26_gaussian.jpg,cevaplar,818,1194,1882,1194,1882,2127,818,2127
TEST,out/26_gaussian.jpg,sayisal,3419,1306,3813,1306,3813,2163,3419,2163
TEST,out/26_gaussian.jpg,soyadi_adi,1158,148,1900,148,1900,1178,1158,1178
TEST,out/26_gaussian.jpg,bilgiler_elle,2260,161,2854,161,2854,636,2260,636
TEST,out/26_gaussian.jpg,cevaplar,2713,1224,3823,1224,3823,2165,2713,2165
TEST,out/26_gaussian.jpg,bilgiler_elle,442,145,1048,145,1048,608,442,608
TEST,out/26_gaussian.jpg,sayisal,1516,1280,1884,1280,1884,2127,1516,2127
TEST,out/26_gaussian.jpg,kurum_ogrenci_no,419,769,864,769,864,1165,419,1165
TEST,out/26_gaussian.jpg,soyadi_adi,3007,155,3769,155,3769,1206,3007,1206
TEST,out/70_gaussian.jpg,soyadi_adi,409,140,1716,140,1716,1050,409,1050
TEST,out/70_gaussian.jpg,cevaplar,1741,127,2859,127,2859,1403,1741,1403
TEST,out/70_gaussian.jpg,bilgiler_elle,393,1229,989,1229,989,1968,393,1968
TEST,out/70_gaussian.jpg,kurum_ogrenci_no,1202,1436,1703,1436,1703,1973,1202,1973
TEST,out/70_gaussian.jpg,sayisal,1843,127,2859,127,2859,554,1843,554
TEST,out/70_gaussian.jpg,sinif_sube,409,1055,1601,1055,1601,1214,409,1214
TEST,out/70_gaussian.jpg,sozel,1841,590,2854,590,2854,1406,1841,1406
TEST,out/70_gaussian.jpg,kitapcik_cinsiyet,1012,1434,1179,1434,1179,1968,1012,1968
TEST,out/70_gaussian.jpg,tc,1728,1508,2235,1508,2235,1976,1728,1976
TEST,out/71_gaussian.jpg,sozel,1826,554,2867,554,2867,1419,1826,1419
TEST,out/71_gaussian.jpg,bilgiler_elle,393,1257,984,1257,984,1999,393,1999
TEST,out/71_gaussian.jpg,kurum_ogrenci_no,1204,1452,1710,1452,1710,2014,1204,2014
TEST,out/71_gaussian.jpg,cevaplar,1713,84,2867,84,2867,1413,1713,1413
TEST,out/71_gaussian.jpg,tc,1723,1526,2237,1526,2237,1999,1723,1999
TEST,out/71_gaussian.jpg,kitapcik_cinsiyet,1005,1465,1179,1465,1179,2007,1005,2007
TEST,out/71_gaussian.jpg,soyadi_adi,347,127,1698,127,1698,1076,347,1076
TEST,out/71_gaussian.jpg,sinif_sube,391,1073,1585,1073,1585,1245,391,1245
TEST,out/71_gaussian.jpg,sayisal,1808,81,2856,81,2856,554,1808,554
TEST,out/73_gaussian.jpg,tc,1997,1255,2375,1255,2375,1667,1997,1667
TEST,out/73_gaussian.jpg,tc,97,1280,501,1280,501,1695,97,1695
TEST,out/73_gaussian.jpg,sinif_sube,2554,253,2721,253,2721,1153,2554,1153
TEST,out/73_gaussian.jpg,soyadi_adi,879,253,1626,253,1626,1255,879,1255
TEST,out/73_gaussian.jpg,bilgiler_elle,181,255,774,255,774,695,181,695
TEST,out/73_gaussian.jpg,cevaplar,2445,1260,3544,1260,3544,2178,2445,2178
TEST,out/73_gaussian.jpg,kitapcik_cinsiyet,1997,715,2411,715,2411,846,1997,846
TEST,out/73_gaussian.jpg,sozel,539,1370,1253,1370,1253,2191,539,2191
TEST,out/73_gaussian.jpg,kenarcizgi,1925,235,1987,235,1987,2180,1925,2180
TEST,out/73_gaussian.jpg,kurum_ogrenci_no,135,871,588,871,588,1260,135,1260
TEST,out/73_gaussian.jpg,sozel,2450,1344,3166,1344,3166,2178,2450,2178
TEST,out/73_gaussian.jpg,kurum_ogrenci_no,1997,864,2421,864,2421,1247,1997,1247
TEST,out/73_gaussian.jpg,cevaplar,531,1275,1613,1275,1613,2193,531,2193
TEST,out/73_gaussian.jpg,soyadi_adi,2695,232,3465,232,3465,1240,2695,1240
TEST,out/73_gaussian.jpg,kitapcik_cinsiyet,168,718,595,718,595,851,168,851
TEST,out/73_gaussian.jpg,sayisal,3135,1337,3547,1337,3547,2178,3135,2178
TEST,out/73_gaussian.jpg,bilgiler_elle,1997,253,2565,253,2565,698,1997,698
TEST,out/73_gaussian.jpg,sinif_sube,782,250,913,250,913,1165,782,1165
TEST,out/73_gaussian.jpg,sayisal,1248,1355,1611,1355,1611,2191,1248,2191
TEST,out/73_gaussian.jpg,kenarcizgi,2,242,186,242,186,2191,2,2191
TEST,out/73_gaussian.jpg,kenarcizgi,3682,230,3900,230,3900,2152,3682,2152
TEST,out/48_gaussian.jpg,kurum_ogrenci_no,2296,102,2841,102,2841,705,2296,705
TEST,out/48_gaussian.jpg,sinif_sube,2439,889,3734,889,3734,1099,2439,1099
TEST,out/48_gaussian.jpg,kenarcizgi,1066,2,3736,2,3736,97,1066,97
TEST,out/48_gaussian.jpg,cevaplar,1094,744,2319,744,2319,2150,1094,2150
TEST,out/48_gaussian.jpg,kitapcik_cinsiyet,2864,97,3053,97,3053,672,2864,672
TEST,out/48_gaussian.jpg,soyadi_adi,2319,1073,3772,1073,3772,2094,2319,2094
TEST,out/48_gaussian.jpg,bilgiler_elle,3069,76,3731,76,3731,889,3069,889
TEST,out/48_gaussian.jpg,tc,1716,117,2278,117,2278,634,1716,634
TEST,out/93_gaussian.jpg,soyadi_adi,386,186,1708,186,1708,1119,386,1119
TEST,out/93_gaussian.jpg,tc,1728,1567,2245,1567,2245,2050,1728,2050
TEST,out/93_gaussian.jpg,sozel,1833,613,2864,613,2864,1459,1833,1459
TEST,out/93_gaussian.jpg,kitapcik_cinsiyet,1020,1503,1191,1503,1191,2040,1020,2040
TEST,out/93_gaussian.jpg,bilgiler_elle,419,1303,992,1303,992,2040,419,2040
TEST,out/93_gaussian.jpg,cevaplar,1723,148,2874,148,2874,1475,1723,1475
TEST,out/93_gaussian.jpg,sayisal,1823,148,2867,148,2867,616,1823,616
TEST,out/93_gaussian.jpg,kurum_ogrenci_no,1217,1495,1705,1495,1705,2042,1217,2042
TEST,out/93_gaussian.jpg,sinif_sube,411,1127,1598,1127,1598,1283,411,1283
TEST,out/93_gaussian.jpg,kenarcizgi,393,2073,2867,2073,2867,2150,393,2150
TEST,out/65_gaussian.jpg,kenarcizgi,1107,161,3526,161,3526,283,1107,283
TEST,out/65_gaussian.jpg,soyadi_adi,2194,1194,3506,1194,3506,2127,2194,2127
TEST,out/65_gaussian.jpg,kurum_ogrenci_no,2207,271,2708,271,2708,823,2207,823
TEST,out/65_gaussian.jpg,sayisal,1043,1674,2061,1674,2061,2096,1043,2096
TEST,out/65_gaussian.jpg,sozel,1061,825,2086,825,2086,1633,1061,1633
TEST,out/65_gaussian.jpg,bilgiler_elle,2915,288,3516,288,3516,1038,2915,1038
TEST,out/65_gaussian.jpg,tc,1698,268,2196,268,2196,738,1698,738
TEST,out/65_gaussian.jpg,cevaplar,1048,820,2171,820,2171,2109,1048,2109
TEST,out/65_gaussian.jpg,kitapcik_cinsiyet,2726,278,2905,278,2905,820,2726,820
TEST,out/65_gaussian.jpg,sinif_sube,2319,1043,3516,1043,3516,1204,2319,1204
TEST,out/57_gaussian.jpg,kitapcik_cinsiyet,1102,1482,1289,1482,1289,2022,1102,2022
TEST,out/57_gaussian.jpg,sayisal,1953,176,3015,176,3015,611,1953,611
TEST,out/57_gaussian.jpg,sinif_sube,514,1089,1695,1089,1695,1247,514,1247
TEST,out/57_gaussian.jpg,sozel,1938,644,2994,644,2994,1500,1938,1500
TEST,out/57_gaussian.jpg,bilgiler_elle,503,1257,1086,1257,1086,2012,503,2012
TEST,out/57_gaussian.jpg,soyadi_adi,519,166,1833,166,1833,1101,519,1101
TEST,out/57_gaussian.jpg,cevaplar,1836,171,3010,171,3010,1500,1836,1500
TEST,out/57_gaussian.jpg,kenarcizgi,475,2027,2951,2027,2951,2191,475,2191
TEST,out/57_gaussian.jpg,tc,1810,1577,2340,1577,2340,2058,1810,2058
TEST,out/57_gaussian.jpg,kurum_ogrenci_no,1276,1482,1808,1482,1808,2045,1276,2045
TEST,out/31_gaussian.jpg,bilgiler_elle,299,1219,920,1219,920,1996,299,1996
TEST,out/31_gaussian.jpg,kurum_ogrenci_no,1099,1480,1639,1480,1639,2037,1099,2037
TEST,out/31_gaussian.jpg,sinif_sube,327,1043,1547,1043,1547,1204,327,1204
TEST,out/31_gaussian.jpg,sozel,1772,644,2874,644,2874,1541,1772,1541
TEST,out/31_gaussian.jpg,soyadi_adi,335,99,1700,99,1700,1096,335,1096
TEST,out/31_gaussian.jpg,tc,1636,1585,2168,1585,2168,2086,1636,2086
TEST,out/31_gaussian.jpg,kitapcik_cinsiyet,915,1470,1099,1470,1099,2001,915,2001
TEST,out/31_gaussian.jpg,cevaplar,1680,161,2907,161,2907,1541,1680,1541
TEST,out/31_gaussian.jpg,kenarcizgi,276,1984,2762,1984,2762,2193,276,2193
TEST,out/31_gaussian.jpg,sayisal,1815,158,2913,158,2913,651,1815,651
TEST,out/66_gaussian.jpg,bilgiler_elle,207,230,803,230,803,677,207,677
TEST,out/66_gaussian.jpg,sinif_sube,808,232,938,232,938,1148,808,1148
TEST,out/66_gaussian.jpg,kenarcizgi,3744,301,3856,301,3856,2188,3744,2188
TEST,out/66_gaussian.jpg,sozel,539,1344,1253,1344,1253,2180,539,2180
TEST,out/66_gaussian.jpg,soyadi_adi,892,235,1644,235,1644,1250,892,1250
TEST,out/66_gaussian.jpg,tc,117,1245,511,1245,511,1659,117,1659
TEST,out/66_gaussian.jpg,soyadi_adi,2700,286,3429,286,3429,1306,2700,1306
TEST,out/66_gaussian.jpg,cevaplar,537,1260,1613,1260,1613,2188,537,2188
TEST,out/66_gaussian.jpg,sayisal,3102,1393,3465,1393,3465,2193,3102,2193
TEST,out/66_gaussian.jpg,bilgiler_elle,1992,273,2567,273,2567,733,1992,733
TEST,out/66_gaussian.jpg,sinif_sube,2575,286,2695,286,2695,1196,2575,1196
TEST,out/66_gaussian.jpg,sayisal,1227,1355,1608,1355,1608,2186,1227,2186
TEST,out/66_gaussian.jpg,kitapcik_cinsiyet,194,685,616,685,616,820,194,820
TEST,out/66_gaussian.jpg,kenarcizgi,2,201,222,201,222,2137,2,2137
TEST,out/66_gaussian.jpg,tc,1976,1283,2337,1283,2337,1695,1976,1695
TEST,out/66_gaussian.jpg,kenarcizgi,1887,248,1979,248,1979,2191,1887,2191
TEST,out/66_gaussian.jpg,kurum_ogrenci_no,153,836,603,836,603,1229,153,1229
TEST,out/66_gaussian.jpg,sozel,2419,1375,3097,1375,3097,2191,2419,2191
TEST,out/66_gaussian.jpg,kitapcik_cinsiyet,1994,744,2401,744,2401,884,1994,884
TEST,out/66_gaussian.jpg,cevaplar,2416,1301,3465,1301,3465,2196,2416,2196
TEST,out/66_gaussian.jpg,kurum_ogrenci_no,1982,887,2398,887,2398,1278,1982,1278
TEST,out/52_gaussian.jpg,bilgiler_elle,1994,212,2567,212,2567,654,1994,654
TEST,out/52_gaussian.jpg,sinif_sube,897,207,1012,207,1012,1104,897,1104
TEST,out/52_gaussian.jpg,kurum_ogrenci_no,1997,820,2416,820,2416,1201,1997,1201
TEST,out/52_gaussian.jpg,kenarcizgi,3769,212,3961,212,3961,2140,3769,2140
TEST,out/52_gaussian.jpg,tc,222,1201,613,1201,613,1608,222,1608
TEST,out/52_gaussian.jpg,soyadi_adi,2695,201,3450,201,3450,1196,2695,1196
TEST,out/52_gaussian.jpg,kitapcik_cinsiyet,291,662,703,662,703,790,291,790
TEST,out/52_gaussian.jpg,cevaplar,2437,1219,3514,1219,3514,2122,2437,2122
TEST,out/52_gaussian.jpg,kenarcizgi,125,186,306,186,306,2094,125,2094
TEST,out/52_gaussian.jpg,sozel,639,1298,1342,1298,1342,2119,639,2119
TEST,out/52_gaussian.jpg,sayisal,3115,1301,3514,1301,3514,2117,3115,2117
TEST,out/52_gaussian.jpg,sinif_sube,2565,207,2708,207,2708,1107,2565,1107
TEST,out/52_gaussian.jpg,soyadi_adi,987,204,1708,204,1708,1201,987,1201
TEST,out/52_gaussian.jpg,tc,1992,1209,2363,1209,2363,1613,1992,1613
TEST,out/52_gaussian.jpg,kenarcizgi,1928,191,1976,191,1976,2114,1928,2114
TEST,out/52_gaussian.jpg,cevaplar,647,1219,1700,1219,1700,2127,647,2127
TEST,out/52_gaussian.jpg,sozel,2439,1296,3132,1296,3132,2124,2439,2124
TEST,out/52_gaussian.jpg,kitapcik_cinsiyet,1997,672,2406,672,2406,810,1997,810
TEST,out/52_gaussian.jpg,kurum_ogrenci_no,258,810,698,810,698,1183,258,1183
TEST,out/52_gaussian.jpg,bilgiler_elle,299,199,882,199,882,639,299,639
TEST,out/52_gaussian.jpg,sayisal,1340,1301,1700,1301,1700,2124,1340,2124
TEST,out/72_gaussian.jpg,sinif_sube,332,1158,1580,1158,1580,1326,332,1326
TEST,out/72_gaussian.jpg,soyadi_adi,332,184,1731,184,1731,1217,332,1217
TEST,out/72_gaussian.jpg,tc,1670,1702,2219,1702,2219,2193,1670,2193
TEST,out/72_gaussian.jpg,sayisal,1851,242,2982,242,2982,754,1851,754
TEST,out/72_gaussian.jpg,sozel,1810,744,2938,744,2938,1667,1810,1667
TEST,out/72_gaussian.jpg,kitapcik_cinsiyet,941,1587,1138,1587,1138,2127,941,2127
TEST,out/72_gaussian.jpg,cevaplar,1713,250,2974,250,2974,1669,1713,1669
TEST,out/72_gaussian.jpg,kurum_ogrenci_no,1135,1592,1675,1592,1675,2168,1135,2168
TEST,out/72_gaussian.jpg,bilgiler_elle,327,1337,941,1337,941,2119,327,2119
TEST,out/88_gaussian.jpg,sinif_sube,2447,974,3690,974,3690,1158,2447,1158
TEST,out/88_gaussian.jpg,soyadi_adi,2340,1150,3726,1150,3726,2117,2340,2117
TEST,out/88_gaussian.jpg,kurum_ogrenci_no,2319,207,2836,207,2836,772,2319,772
TEST,out/88_gaussian.jpg,sozel,1168,800,2212,800,2212,1679,1168,1679
TEST,out/88_gaussian.jpg,kenarcizgi,1158,104,3705,104,3705,191,1158,191
TEST,out/88_gaussian.jpg,kitapcik_cinsiyet,2864,209,3043,209,3043,761,2864,761
TEST,out/88_gaussian.jpg,cevaplar,1158,805,2319,805,2319,2147,1158,2147
TEST,out/88_gaussian.jpg,tc,1782,217,2296,217,2296,708,1782,708
TEST,out/88_gaussian.jpg,sayisal,1168,1677,2222,1677,2222,2155,1168,2155
TEST,out/88_gaussian.jpg,bilgiler_elle,3058,201,3680,201,3680,966,3058,966
TEST,out/19_gaussian.jpg,bilgiler_elle,493,1234,1069,1234,1069,1971,493,1971
TEST,out/19_gaussian.jpg,cevaplar,1815,201,3040,201,3040,1567,1815,1567
TEST,out/19_gaussian.jpg,kurum_ogrenci_no,1271,1490,1782,1490,1782,2035,1271,2035
TEST,out/19_gaussian.jpg,soyadi_adi,519,150,1849,150,1849,1122,519,1122
TEST,out/19_gaussian.jpg,sozel,1913,680,3007,680,3007,1564,1913,1564
TEST,out/19_gaussian.jpg,kitapcik_cinsiyet,1086,1477,1268,1477,1268,2007,1086,2007
TEST,out/19_gaussian.jpg,sayisal,1959,207,3043,207,3043,682,1959,682
TEST,out/19_gaussian.jpg,tc,1780,1592,2301,1592,2301,2091,1780,2091
TEST,out/19_gaussian.jpg,sinif_sube,511,1068,1687,1068,1687,1229,511,1229
TEST,out/19_gaussian.jpg,kenarcizgi,473,1981,2890,1981,2890,2193,473,2193
TEST,out/86_gaussian.jpg,kurum_ogrenci_no,2263,304,2746,304,2746,818,2263,818
TEST,out/86_gaussian.jpg,sozel,1120,772,2145,772,2145,1600,1120,1600
TEST,out/86_gaussian.jpg,soyadi_adi,2222,1171,3516,1171,3516,2119,2222,2119
TEST,out/86_gaussian.jpg,kitapcik_cinsiyet,2762,332,2933,332,2933,825,2762,825
TEST,out/86_gaussian.jpg,sinif_sube,2360,1063,3506,1063,3506,1214,2360,1214
TEST,out/86_gaussian.jpg,kenarcizgi,1230,158,3524,158,3524,337,1230,337
TEST,out/86_gaussian.jpg,cevaplar,1084,779,2227,779,2227,2058,1084,2058
TEST,out/86_gaussian.jpg,sayisal,1084,1605,2109,1605,2109,2060,1084,2060
TEST,out/86_gaussian.jpg,bilgiler_elle,2943,337,3514,337,3514,1053,2943,1053
TEST,out/86_gaussian.jpg,tc,1774,273,2265,273,2265,728,1774,728
TEST,out/40_gaussian.jpg,kitapcik_cinsiyet,347,690,741,690,741,818,347,818
TEST,out/40_gaussian.jpg,sinif_sube,2667,271,2810,271,2810,1101,2667,1101
TEST,out/40_gaussian.jpg,sinif_sube,920,260,1040,260,1040,1104,920,1104
TEST,out/40_gaussian.jpg,soyadi_adi,2782,271,3480,271,3480,1183,2782,1183
TEST,out/40_gaussian.jpg,bilgiler_elle,352,255,913,255,913,680,352,680
TEST,out/40_gaussian.jpg,kenarcizgi,2081,255,2145,255,2145,2035,2081,2035
TEST,out/40_gaussian.jpg,sayisal,1370,1286,1708,1286,1708,2060,1370,2060
TEST,out/40_gaussian.jpg,kitapcik_cinsiyet,2135,703,2529,703,2529,820,2135,820
TEST,out/40_gaussian.jpg,soyadi_adi,1020,258,1700,258,1700,1199,1020,1199
TEST,out/40_gaussian.jpg,sozel,703,1293,1370,1293,1370,2068,703,2068
TEST,out/40_gaussian.jpg,kenarcizgi,186,245,355,245,355,2068,186,2068
TEST,out/40_gaussian.jpg,cevaplar,2560,1206,3554,1206,3554,2037,2560,2037
TEST,out/40_gaussian.jpg,kenarcizgi,3588,271,3754,271,3754,2019,3588,2019
TEST,out/40_gaussian.jpg,tc,291,1214,664,1214,664,1592,291,1592
TEST,out/40_gaussian.jpg,kurum_ogrenci_no,322,830,739,830,739,1194,322,1194
TEST,out/40_gaussian.jpg,sozel,2554,1278,3219,1278,3219,2040,2554,2040
TEST,out/40_gaussian.jpg,bilgiler_elle,2135,276,2670,276,2670,685,2135,685
TEST,out/40_gaussian.jpg,sayisal,3196,1270,3554,1270,3554,2035,3196,2035
TEST,out/40_gaussian.jpg,kitapcik_cinsiyet,3677,710,3992,710,3992,820,3677,820
TEST,out/40_gaussian.jpg,cevaplar,705,1219,1698,1219,1698,2058,705,2058
TEST,out/40_gaussian.jpg,tc,2148,1196,2501,1196,2501,1577,2148,1577
TEST,out/40_gaussian.jpg,kurum_ogrenci_no,2140,836,2539,836,2539,1188,2140,1188
TEST,out/41_gaussian.jpg,kitapcik_cinsiyet,953,1531,1127,1531,1127,2053,953,2053
TEST,out/41_gaussian.jpg,cevaplar,1634,196,2751,196,2751,1475,1634,1475
TEST,out/41_gaussian.jpg,tc,1654,1582,2150,1582,2150,2050,1654,2050
TEST,out/41_gaussian.jpg,sozel,1746,654,2749,654,2749,1465,1746,1465
TEST,out/41_gaussian.jpg,kurum_ogrenci_no,1145,1516,1644,1516,1644,2050,1145,2050
TEST,out/41_gaussian.jpg,sayisal,1723,194,2739,194,2739,644,1723,644
TEST,out/41_gaussian.jpg,soyadi_adi,306,235,1634,235,1634,1158,306,1158
TEST,out/41_gaussian.jpg,kenarcizgi,327,2083,2751,2083,2751,2160,327,2160
TEST,out/41_gaussian.jpg,bilgiler_elle,342,1326,936,1326,936,2068,342,2068
TEST,out/41_gaussian.jpg,sinif_sube,340,1158,1519,1158,1519,1324,340,1324
TEST,out/82_gaussian.jpg,sozel,881,41,1553,41,1553,850,881,850
TEST,out/82_gaussian.jpg,soyadi_adi,599,944,1328,944,1328,1917,599,1917
TEST,out/82_gaussian.jpg,kurum_ogrenci_no,1582,928,1996,928,1996,1310,1582,1310
TEST,out/82_gaussian.jpg,kitapcik_cinsiyet,1598,1323,1988,1323,1988,1459,1598,1459
TEST,out/82_gaussian.jpg,cevaplar,520,47,1561,47,1561,923,520,923
TEST,out/82_gaussian.jpg,tc,1624,531,1985,531,1985,923,1624,923
TEST,out/82_gaussian.jpg,sinif_sube,1308,1022,1454,1022,1454,1888,1308,1888
TEST,out/82_gaussian.jpg,kenarcizgi,1990,34,2077,34,2077,1915,1990,1915
TEST,out/82_gaussian.jpg,bilgiler_elle,1451,1462,2017,1462,2017,1896,1451,1896
TEST,out/82_gaussian.jpg,sayisal,525,60,913,60,913,860,525,860
TEST,out/82_gaussian.jpg,sozel,2686,31,3374,31,3374,839,2686,839
TEST,out/82_gaussian.jpg,soyadi_adi,2330,941,3037,941,3037,1933,2330,1933
TEST,out/82_gaussian.jpg,kenarcizgi,170,91,334,91,334,1930,170,1930
TEST,out/82_gaussian.jpg,kurum_ogrenci_no,3332,941,3761,941,3761,1323,3332,1323
TEST,out/82_gaussian.jpg,kitapcik_cinsiyet,3325,1336,3733,1336,3733,1472,3325,1472
TEST,out/82_gaussian.jpg,cevaplar,2341,26,3377,26,3377,910,2341,910
TEST,out/82_gaussian.jpg,tc,3416,536,3793,536,3793,928,3416,928
TEST,out/82_gaussian.jpg,sinif_sube,3024,1025,3147,1025,3147,1922,3024,1922
TEST,out/82_gaussian.jpg,kenarcizgi,3722,49,3897,49,3897,1943,3722,1943
TEST,out/82_gaussian.jpg,bilgiler_elle,3149,1486,3730,1486,3730,1922,3149,1922
TEST,out/82_gaussian.jpg,sayisal,2341,31,2691,31,2691,837,2341,837
TEST,out/77_gaussian.jpg,sayisal,1762,1852,2238,1852,2238,2889,1762,2889
TEST,out/77_gaussian.jpg,cevaplar,902,1756,2238,1756,2238,2897,902,2897
TEST,out/77_gaussian.jpg,kurum_ogrenci_no,337,1248,883,1248,883,1748,337,1748
TEST,out/77_gaussian.jpg,kenarcizgi,115,407,207,407,207,2858,115,2858
TEST,out/77_gaussian.jpg,tc,326,1759,810,1759,810,2278,326,2278
TEST,out/77_gaussian.jpg,bilgiler_elle,341,461,1067,461,1067,1029,341,1029
TEST,out/77_gaussian.jpg,sinif_sube,1071,461,1240,461,1240,1633,1071,1633
TEST,out/77_gaussian.jpg,kitapcik_cinsiyet,337,1056,863,1056,863,1225,337,1225
TEST,out/77_gaussian.jpg,kenarcizgi,234,430,299,430,299,2897,234,2897
TEST,out/77_gaussian.jpg,soyadi_adi,1240,457,2180,457,2180,1744,1240,1744
TEST,out/77_gaussian.jpg,sozel,902,1859,1762,1859,1762,2881,902,2881
TEST,out/75_gaussian.jpg,sinif_sube,2610,345,2796,345,2796,1219,2610,1219
TEST,out/75_gaussian.jpg,kenarcizgi,159,248,272,248,272,2158,159,2158
TEST,out/75_gaussian.jpg,soyadi_adi,1001,214,1726,214,1726,1195,1001,1195
TEST,out/75_gaussian.jpg,soyadi_adi,2728,319,3526,319,3526,1300,2728,1300
TEST,out/75_gaussian.jpg,kenarcizgi,1982,355,2147,355,2147,2236,1982,2236
TEST,out/75_gaussian.jpg,sozel,2561,1378,3293,1378,3293,2242,2561,2242
TEST,out/75_gaussian.jpg,tc,256,1232,648,1232,648,1648,256,1648
TEST,out/75_gaussian.jpg,sinif_sube,873,238,1009,238,1009,1114,873,1114
TEST,out/75_gaussian.jpg,cevaplar,727,1185,1755,1185,1755,2119,727,2119
TEST,out/75_gaussian.jpg,bilgiler_elle,2058,353,2623,353,2623,808,2058,808
TEST,out/75_gaussian.jpg,sayisal,3225,1360,3662,1360,3662,2200,3225,2200
TEST,out/75_gaussian.jpg,kurum_ogrenci_no,277,837,706,837,706,1232,277,1232
TEST,out/75_gaussian.jpg,sayisal,1410,1258,1747,1258,1747,2085,1410,2085
TEST,out/75_gaussian.jpg,bilgiler_elle,285,259,871,259,871,695,285,695
TEST,out/75_gaussian.jpg,kurum_ogrenci_no,2090,944,2524,944,2524,1331,2090,1331
TEST,out/75_gaussian.jpg,cevaplar,2550,1295,3659,1295,3659,2239,2550,2239
TEST,out/75_gaussian.jpg,sozel,727,1276,1396,1276,1396,2134,727,2134
TEST,out/75_gaussian.jpg,kitapcik_cinsiyet,2077,803,2485,803,2485,931,2077,931
TEST,out/75_gaussian.jpg,kitapcik_cinsiyet,285,693,706,693,706,831,285,831
TEST,out/75_gaussian.jpg,tc,2111,1334,2498,1334,2498,1752,2111,1752
TEST,out/97_gaussian.jpg,kurum_ogrenci_no,1308,1452,1844,1452,1844,2035,1308,2035
TEST,out/97_gaussian.jpg,sozel,1988,562,3086,562,3086,1459,1988,1459
TEST,out/97_gaussian.jpg,sinif_sube,486,1038,1734,1038,1734,1203,486,1203
TEST,out/97_gaussian.jpg,cevaplar,1880,60,3107,60,3107,1457,1880,1457
TEST,out/97_gaussian.jpg,sayisal,2001,68,3107,68,3107,528,2001,528
TEST,out/97_gaussian.jpg,kenarcizgi,444,2027,3042,2027,3042,2176,444,2176
TEST,out/97_gaussian.jpg,tc,1846,1543,2401,1543,2401,2038,1846,2038
TEST,out/97_gaussian.jpg,bilgiler_elle,470,1224,1098,1224,1098,2006,470,2006
TEST,out/97_gaussian.jpg,soyadi_adi,481,70,1865,70,1865,1036,481,1036
TEST,out/97_gaussian.jpg,kitapcik_cinsiyet,1111,1454,1297,1454,1297,2001,1111,2001
TEST,out/58_gaussian.jpg,soyadi_adi,551,183,1841,183,1841,1101,551,1101
TEST,out/58_gaussian.jpg,kurum_ogrenci_no,1334,1483,1831,1483,1831,2030,1334,2030
TEST,out/58_gaussian.jpg,tc,1839,1572,2357,1572,2357,2048,1839,2048
TEST,out/58_gaussian.jpg,sayisal,1969,159,3024,159,3024,606,1969,606
TEST,out/58_gaussian.jpg,kitapcik_cinsiyet,1137,1478,1321,1478,1321,2009,1137,2009
TEST,out/58_gaussian.jpg,sinif_sube,546,1090,1721,1090,1721,1245,546,1245
TEST,out/58_gaussian.jpg,sozel,1962,643,3018,643,3018,1486,1962,1486
TEST,out/58_gaussian.jpg,kenarcizgi,533,2001,2966,2001,2966,2174,533,2174
TEST,out/58_gaussian.jpg,bilgiler_elle,544,1268,1122,1268,1122,2001,544,2001
TEST,out/58_gaussian.jpg,cevaplar,1867,164,3018,164,3018,1493,1867,1493
TEST,out/14_gaussian.jpg,sinif_sube,2155,754,2306,754,2306,1538,2155,1538
TEST,out/14_gaussian.jpg,kenarcizgi,44,712,209,712,209,2405,44,2405
TEST,out/14_gaussian.jpg,kurum_ogrenci_no,1662,1288,2046,1288,2046,1645,1662,1645
TEST,out/14_gaussian.jpg,soyadi_adi,819,712,1449,712,1449,1593,819,1593
TEST,out/14_gaussian.jpg,sayisal,2683,1679,3009,1679,3009,2423,2683,2423
TEST,out/14_gaussian.jpg,sayisal,1148,1662,1463,1662,1463,2399,1148,2399
TEST,out/14_gaussian.jpg,cevaplar,531,1603,1463,1603,1463,2395,531,2395
TEST,out/14_gaussian.jpg,bilgiler_elle,198,726,716,726,716,1093,198,1093
TEST,out/14_gaussian.jpg,kitapcik_cinsiyet,195,1120,568,1120,568,1240,195,1240
TEST,out/14_gaussian.jpg,bilgiler_elle,1638,760,2155,760,2155,1165,1638,1165
TEST,out/14_gaussian.jpg,cevaplar,2063,1621,3012,1621,3012,2453,2063,2453
TEST,out/14_gaussian.jpg,kenarcizgi,1579,764,1693,764,1693,2457,1579,2457
TEST,out/14_gaussian.jpg,sinif_sube,712,723,836,723,836,1518,712,1518
TEST,out/14_gaussian.jpg,kitapcik_cinsiyet,1658,1161,2028,1161,2028,1292,1658,1292
TEST,out/14_gaussian.jpg,kurum_ogrenci_no,167,1244,558,1244,558,1593,167,1593
TEST,out/14_gaussian.jpg,soyadi_adi,2255,716,2964,716,2964,1621,2255,1621
TEST,out/14_gaussian.jpg,tc,140,1607,496,1607,496,1963,140,1963
TEST,out/14_gaussian.jpg,tc,1672,1631,2025,1631,2025,2015,1672,2015
TEST,out/14_gaussian.jpg,sozel,527,1675,1154,1675,1154,2409,527,2409
TEST,out/14_gaussian.jpg,sozel,2073,1696,2731,1696,2731,2453,2073,2453
TEST,out/22_gaussian.jpg,sinif_sube,365,1089,1557,1089,1557,1250,365,1250
TEST,out/22_gaussian.jpg,tc,1657,1592,2186,1592,2186,2071,1657,2071
TEST,out/22_gaussian.jpg,kitapcik_cinsiyet,956,1488,1143,1488,1143,2014,956,2014
TEST,out/22_gaussian.jpg,sozel,1787,664,2854,664,2854,1531,1787,1531
TEST,out/22_gaussian.jpg,soyadi_adi,358,155,1695,155,1695,1117,358,1117
TEST,out/22_gaussian.jpg,bilgiler_elle,368,1260,946,1260,946,2007,368,2007
TEST,out/22_gaussian.jpg,kenarcizgi,332,2019,2777,2019,2777,2193,332,2193
TEST,out/22_gaussian.jpg,kurum_ogrenci_no,1148,1490,1659,1490,1659,2040,1148,2040
TEST,out/22_gaussian.jpg,sayisal,1808,178,2882,178,2882,646,1808,646
TEST,out/22_gaussian.jpg,cevaplar,1690,186,2884,186,2884,1528,1690,1528
TEST,out/7_gaussian.jpg,kitapcik_cinsiyet,3335,467,3726,467,3726,593,3335,593
TEST,out/7_gaussian.jpg,bilgiler_elle,156,332,780,332,780,754,156,754
TEST,out/7_gaussian.jpg,sozel,432,1398,1191,1398,1191,2186,432,2186
TEST,out/7_gaussian.jpg,bilgiler_elle,3276,63,3838,63,3838,467,3276,467
TEST,out/7_gaussian.jpg,tc,10,1316,442,1316,442,1738,10,1738
TEST,out/7_gaussian.jpg,kurum_ogrenci_no,3358,603,3805,603,3805,971,3358,971
TEST,out/7_gaussian.jpg,sayisal,1184,1403,1554,1403,1554,2186,1184,2186
TEST,out/7_gaussian.jpg,kurum_ogrenci_no,1723,787,2122,787,2122,1148,1723,1148
TEST,out/7_gaussian.jpg,kenarcizgi,2,322,189,322,189,1505,2,1505
TEST,out/7_gaussian.jpg,cevaplar,442,1321,1552,1321,1552,2193,442,2193
TEST,out/7_gaussian.jpg,kenarcizgi,1636,212,1713,212,1713,2037,1636,2037
TEST,out/7_gaussian.jpg,soyadi_adi,828,355,1583,355,1583,1301,828,1301
TEST,out/7_gaussian.jpg,sinif_sube,764,347,905,347,905,1214,764,1214
TEST,out/7_gaussian.jpg,sozel,2161,1247,2846,1247,2846,2053,2161,2053
TEST,out/7_gaussian.jpg,tc,1721,1163,2081,1163,2081,1557,1721,1557
TEST,out/7_gaussian.jpg,kenarcizgi,3204,46,3583,46,3583,1853,3204,1853
TEST,out/7_gaussian.jpg,cevaplar,2150,1173,3204,1173,3204,2058,2150,2058
TEST,out/7_gaussian.jpg,kurum_ogrenci_no,74,917,557,917,557,1303,74,1303
TEST,out/7_gaussian.jpg,sinif_sube,2271,248,2404,248,2404,1066,2271,1066
TEST,out/7_gaussian.jpg,tc,3424,963,3836,963,3836,1352,3424,1352
TEST,out/7_gaussian.jpg,kitapcik_cinsiyet,135,764,572,764,572,900,135,900
TEST,out/7_gaussian.jpg,sayisal,2803,1242,3207,1242,3207,2053,2803,2053
TEST,out/7_gaussian.jpg,bilgiler_elle,1734,232,2273,232,2273,634,1734,634
TEST,out/7_gaussian.jpg,soyadi_adi,2388,248,3107,248,3107,1153,2388,1153
TEST,out/7_gaussian.jpg,kitapcik_cinsiyet,1734,641,2122,641,2122,774,1734,774
TEST,out/34_gaussian.jpg,kitapcik_cinsiyet,987,1508,1153,1508,1153,2063,987,2063
TEST,out/34_gaussian.jpg,bilgiler_elle,329,1319,961,1319,961,2094,329,2094
TEST,out/34_gaussian.jpg,sinif_sube,332,1114,1572,1114,1572,1303,332,1303
TEST,out/34_gaussian.jpg,soyadi_adi,322,184,1695,184,1695,1117,322,1117
TEST,out/34_gaussian.jpg,kenarcizgi,299,2050,2861,2050,2861,2178,299,2178
TEST,out/34_gaussian.jpg,tc,1721,1549,2240,1549,2240,2040,1721,2040
TEST,out/34_gaussian.jpg,cevaplar,1708,161,2841,161,2841,1444,1708,1444
TEST,out/34_gaussian.jpg,kurum_ogrenci_no,1189,1488,1703,1488,1703,2063,1189,2063
TEST,out/34_gaussian.jpg,sozel,1813,626,2836,626,2836,1454,1813,1454
TEST,out/34_gaussian.jpg,sayisal,1808,158,2813,158,2813,611,1808,611
TEST,out/49_gaussian.jpg,cevaplar,1138,836,2245,836,2245,2117,1138,2117
TEST,out/49_gaussian.jpg,sozel,1132,833,2148,833,2148,1656,1132,1656
TEST,out/49_gaussian.jpg,bilgiler_elle,2969,271,3567,271,3567,1004,2969,1004
TEST,out/49_gaussian.jpg,tc,1741,271,2248,271,2248,741,1741,741
TEST,out/49_gaussian.jpg,sinif_sube,2375,1015,3554,1015,3554,1181,2375,1181
TEST,out/49_gaussian.jpg,kitapcik_cinsiyet,2782,278,2953,278,2953,795,2782,795
TEST,out/49_gaussian.jpg,kenarcizgi,1140,184,3578,184,3578,235,1140,235
TEST,out/49_gaussian.jpg,sayisal,1140,1674,2148,1674,2148,2104,1140,2104
TEST,out/49_gaussian.jpg,soyadi_adi,2271,1183,3562,1183,3562,2096,2271,2096
TEST,out/49_gaussian.jpg,kurum_ogrenci_no,2258,278,2759,278,2759,810,2258,810
TEST,out/95_gaussian.jpg,tc,1772,1531,2268,1531,2268,1976,1772,1976
TEST,out/95_gaussian.jpg,bilgiler_elle,519,1257,1084,1257,1084,1971,519,1971
TEST,out/95_gaussian.jpg,sinif_sube,526,1091,1659,1091,1659,1242,526,1242
TEST,out/95_gaussian.jpg,sozel,1879,626,2861,626,2861,1421,1879,1421
TEST,out/95_gaussian.jpg,kitapcik_cinsiyet,1089,1465,1271,1465,1271,1963,1089,1963
TEST,out/95_gaussian.jpg,kenarcizgi,498,1994,2859,1994,2859,2083,498,2083
TEST,out/95_gaussian.jpg,sayisal,1877,186,2864,186,2864,613,1877,613
TEST,out/95_gaussian.jpg,soyadi_adi,519,209,1764,209,1764,1081,519,1081
TEST,out/95_gaussian.jpg,cevaplar,1782,186,2861,186,2861,1434,1782,1434
TEST,out/95_gaussian.jpg,kurum_ogrenci_no,1278,1452,1764,1452,1764,1976,1278,1976
TEST,out/9_gaussian.jpg,cevaplar,1772,191,2762,191,2762,1329,1772,1329
TEST,out/9_gaussian.jpg,sayisal,1856,191,2759,191,2759,580,1856,580
TEST,out/9_gaussian.jpg,sozel,1854,590,2754,590,2754,1334,1854,1334
TEST,out/9_gaussian.jpg,sinif_sube,629,1017,1647,1017,1647,1168,629,1168
TEST,out/9_gaussian.jpg,kitapcik_cinsiyet,1143,1352,1294,1352,1294,1817,1143,1817
TEST,out/9_gaussian.jpg,tc,1741,1413,2202,1413,2202,1835,1741,1835
TEST,out/9_gaussian.jpg,soyadi_adi,624,209,1749,209,1749,1020,624,1020
TEST,out/9_gaussian.jpg,kenarcizgi,590,1838,2749,1838,2749,1943,590,1943
TEST,out/9_gaussian.jpg,bilgiler_elle,613,1173,1135,1173,1135,1817,613,1817
TEST,out/9_gaussian.jpg,kurum_ogrenci_no,1306,1350,1749,1350,1749,1830,1306,1830
TEST,out/28_gaussian.jpg,bilgiler_elle,2861,483,3324,483,3324,851,2861,851
TEST,out/28_gaussian.jpg,tc,12,1232,317,1232,317,1554,12,1554
TEST,out/28_gaussian.jpg,sayisal,3749,1370,3992,1370,3992,2009,3749,2009
TEST,out/28_gaussian.jpg,sinif_sube,1907,475,2012,475,2012,1176,1907,1176
TEST,out/28_gaussian.jpg,kurum_ogrenci_no,2859,958,3207,958,3207,1280,2859,1280
TEST,out/28_gaussian.jpg,bilgiler_elle,71,437,547,437,547,792,71,792
TEST,out/28_gaussian.jpg,cevaplar,1780,1268,2583,1268,2583,1973,1780,1973
TEST,out/28_gaussian.jpg,sinif_sube,3322,493,3437,493,3437,1222,3322,1222
TEST,out/28_gaussian.jpg,sozel,329,1301,887,1301,887,1948,329,1948
TEST,out/28_gaussian.jpg,sayisal,2294,1324,2580,1324,2580,1971,2294,1971
TEST,out/28_gaussian.jpg,kitapcik_cinsiyet,1460,818,1785,818,1785,940,1460,940
TEST,out/28_gaussian.jpg,cevaplar,3214,1296,3992,1296,3992,2025,3214,2025
TEST,out/28_gaussian.jpg,kitapcik_cinsiyet,63,800,396,800,396,907,63,907
TEST,out/28_gaussian.jpg,kenarcizgi,1365,450,1452,450,1452,1950,1365,1950
TEST,out/28_gaussian.jpg,soyadi_adi,3424,493,3992,493,3992,1301,3424,1301
TEST,out/28_gaussian.jpg,cevaplar,332,1242,1161,1242,1161,1955,332,1955
TEST,out/28_gaussian.jpg,sozel,1774,1319,2294,1319,2294,1961,1774,1961
TEST,out/28_gaussian.jpg,soyadi_adi,2010,475,2570,475,2570,1260,2010,1260
TEST,out/28_gaussian.jpg,tc,2859,1275,3166,1275,3166,1608,2859,1608
TEST,out/28_gaussian.jpg,soyadi_adi,606,442,1191,442,1191,1240,606,1240
TEST,out/28_gaussian.jpg,tc,1434,1250,1734,1250,1734,1577,1434,1577
TEST,out/28_gaussian.jpg,kitapcik_cinsiyet,2861,838,3199,838,3199,958,2861,958
TEST,out/28_gaussian.jpg,sayisal,854,1303,1153,1303,1153,1961,854,1961
TEST,out/28_gaussian.jpg,sinif_sube,539,442,647,442,647,1158,539,1158
TEST,out/28_gaussian.jpg,kurum_ogrenci_no,1452,935,1787,935,1787,1247,1452,1247
TEST,out/28_gaussian.jpg,sozel,3214,1357,3749,1357,3749,2012,3214,2012
TEST,out/28_gaussian.jpg,bilgiler_elle,1455,462,1913,462,1913,825,1455,825
TEST,out/28_gaussian.jpg,kurum_ogrenci_no,38,917,383,917,383,1217,38,1217
TEST,out/28_gaussian.jpg,kenarcizgi,2808,465,2864,465,2864,1984,2808,1984
TEST,out/5_gaussian.jpg,cevaplar,798,1722,2045,1722,2045,2818,798,2818
TEST,out/5_gaussian.jpg,kenarcizgi,149,486,376,486,376,2731,149,2731
TEST,out/5_gaussian.jpg,sinif_sube,1066,522,1211,522,1211,1590,1066,1590
TEST,out/5_gaussian.jpg,kurum_ogrenci_no,322,1213,848,1213,848,1686,322,1686
TEST,out/5_gaussian.jpg,bilgiler_elle,353,504,1061,504,1061,1031,353,1031
TEST,out/5_gaussian.jpg,kenarcizgi,2136,331,2218,331,2218,2622,2136,2622
TEST,out/5_gaussian.jpg,kitapcik_cinsiyet,358,1054,843,1054,843,1213,358,1213
TEST,out/5_gaussian.jpg,soyadi_adi,1170,531,2054,531,2054,1731,1170,1731
TEST,out/5_gaussian.jpg,tc,294,1681,748,1681,748,2177,294,2177
TEST,out/23_gaussian.jpg,cevaplar,1698,74,2905,74,2905,1462,1698,1462
TEST,out/23_gaussian.jpg,kenarcizgi,230,2117,2897,2117,2897,2180,230,2180
TEST,out/23_gaussian.jpg,bilgiler_elle,255,1275,913,1275,913,2083,255,2083
TEST,out/23_gaussian.jpg,sozel,1805,575,2900,575,2900,1457,1805,1457
TEST,out/23_gaussian.jpg,kurum_ogrenci_no,1140,1498,1680,1498,1680,2073,1140,2073
TEST,out/23_gaussian.jpg,sayisal,1805,79,2905,79,2905,549,1805,549
TEST,out/23_gaussian.jpg,kitapcik_cinsiyet,923,1495,1115,1495,1115,2071,923,2071
TEST,out/23_gaussian.jpg,sinif_sube,255,1086,1557,1086,1557,1268,255,1268
TEST,out/23_gaussian.jpg,tc,1700,1572,2240,1572,2240,2076,1700,2076
TEST,out/23_gaussian.jpg,soyadi_adi,230,94,1682,94,1682,1078,230,1078
TEST,out/59_gaussian.jpg,sayisal,3132,1344,3506,1344,3506,2188,3132,2188
TEST,out/59_gaussian.jpg,kitapcik_cinsiyet,2020,667,2437,667,2437,813,2020,813
TEST,out/59_gaussian.jpg,sozel,626,1301,1337,1301,1337,2127,626,2127
TEST,out/59_gaussian.jpg,cevaplar,2437,1242,3503,1242,3503,2193,2437,2193
TEST,out/59_gaussian.jpg,kenarcizgi,1902,168,2010,168,2010,2129,1902,2129
TEST,out/59_gaussian.jpg,kenarcizgi,104,171,273,171,273,2114,104,2114
TEST,out/59_gaussian.jpg,sinif_sube,2626,207,2751,207,2751,1145,2626,1145
TEST,out/59_gaussian.jpg,soyadi_adi,969,168,1703,168,1703,1204,969,1204
TEST,out/59_gaussian.jpg,cevaplar,634,1214,1695,1214,1695,2137,634,2137
TEST,out/59_gaussian.jpg,tc,207,1214,590,1214,590,1623,207,1623
TEST,out/59_gaussian.jpg,kurum_ogrenci_no,2002,815,2437,815,2437,1217,2002,1217
TEST,out/59_gaussian.jpg,sinif_sube,856,173,987,173,987,1114,856,1114
TEST,out/59_gaussian.jpg,tc,1982,1217,2370,1217,2370,1644,1982,1644
TEST,out/59_gaussian.jpg,bilgiler_elle,263,184,856,184,856,639,263,639
TEST,out/59_gaussian.jpg,kitapcik_cinsiyet,255,646,680,646,680,790,255,790
TEST,out/59_gaussian.jpg,kenarcizgi,3831,186,3989,186,3989,2165,3831,2165
TEST,out/59_gaussian.jpg,bilgiler_elle,2023,184,2618,184,2618,667,2023,667
TEST,out/59_gaussian.jpg,kurum_ogrenci_no,237,800,667,800,667,1199,237,1199
TEST,out/59_gaussian.jpg,soyadi_adi,2746,212,3488,212,3488,1255,2746,1255
TEST,out/59_gaussian.jpg,sayisal,1319,1298,1705,1298,1705,2142,1319,2142
TEST,out/59_gaussian.jpg,sozel,2437,1321,3127,1321,3127,2180,2437,2180
TEST,out/50_gaussian.jpg,tc,1787,125,2286,125,2286,595,1787,595
TEST,out/50_gaussian.jpg,cevaplar,1204,687,2329,687,2329,1971,1204,1971
TEST,out/50_gaussian.jpg,kurum_ogrenci_no,2294,117,2785,117,2785,664,2294,664
TEST,out/50_gaussian.jpg,kitapcik_cinsiyet,2803,117,2982,117,2982,634,2803,634
TEST,out/50_gaussian.jpg,bilgiler_elle,2982,102,3570,102,3570,836,2982,836
TEST,out/50_gaussian.jpg,soyadi_adi,2322,986,3616,986,3616,1915,2322,1915
TEST,out/50_gaussian.jpg,sayisal,1235,1505,2232,1505,2232,1955,1235,1955
TEST,out/50_gaussian.jpg,sinif_sube,2424,833,3572,833,3572,1020,2424,1020
TEST,out/50_gaussian.jpg,kenarcizgi,1191,15,3572,15,3572,115,1191,115
TEST,out/50_gaussian.jpg,sozel,1204,687,2217,687,2217,1531,1204,1531
TEST,out/54_gaussian.jpg,tc,2299,1204,2680,1204,2680,1600,2299,1600
TEST,out/54_gaussian.jpg,tc,524,1250,905,1250,905,1654,524,1654
TEST,out/54_gaussian.jpg,kurum_ogrenci_no,537,848,969,848,969,1245,537,1245
TEST,out/54_gaussian.jpg,bilgiler_elle,2286,219,2841,219,2841,664,2286,664
TEST,out/54_gaussian.jpg,sinif_sube,1109,258,1255,258,1255,1125,1109,1125
TEST,out/54_gaussian.jpg,cevaplar,2736,1201,3823,1201,3823,2104,2736,2104
TEST,out/54_gaussian.jpg,kenarcizgi,2207,194,2314,194,2314,2111,2207,2111
TEST,out/54_gaussian.jpg,kenarcizgi,450,263,524,263,524,2152,450,2152
TEST,out/54_gaussian.jpg,cevaplar,979,1199,2015,1199,2015,2134,979,2134
TEST,out/54_gaussian.jpg,kitapcik_cinsiyet,2291,677,2698,677,2698,800,2291,800
TEST,out/54_gaussian.jpg,bilgiler_elle,537,263,1109,263,1109,710,537,710
TEST,out/54_gaussian.jpg,kurum_ogrenci_no,2296,815,2718,815,2718,1191,2296,1191
TEST,out/54_gaussian.jpg,sozel,979,1291,1659,1291,1659,2129,979,2129
TEST,out/54_gaussian.jpg,kitapcik_cinsiyet,539,705,964,705,964,851,539,851
TEST,out/54_gaussian.jpg,soyadi_adi,2956,219,3710,219,3710,1188,2956,1188
TEST,out/54_gaussian.jpg,soyadi_adi,1242,212,1959,212,1959,1214,1242,1214
TEST,out/54_gaussian.jpg,sozel,2731,1291,3450,1291,3450,2099,2731,2099
TEST,out/54_gaussian.jpg,sinif_sube,2836,227,3002,227,3002,1107,2836,1107
TEST,out/54_gaussian.jpg,sayisal,1659,1268,2012,1268,2012,2086,1659,2086
TEST,out/54_gaussian.jpg,sayisal,3404,1283,3823,1283,3823,2083,3404,2083
TEST,out/55_gaussian.jpg,kurum_ogrenci_no,1127,1470,1654,1470,1654,2048,1127,2048
TEST,out/55_gaussian.jpg,tc,1670,1539,2207,1539,2207,2037,1670,2037
TEST,out/55_gaussian.jpg,kitapcik_cinsiyet,928,1488,1117,1488,1117,2058,928,2058
TEST,out/55_gaussian.jpg,cevaplar,1634,76,2820,76,2820,1419,1634,1419
TEST,out/55_gaussian.jpg,kenarcizgi,271,2060,2838,2060,2838,2152,271,2152
TEST,out/55_gaussian.jpg,sayisal,1739,69,2803,69,2803,557,1739,557
TEST,out/55_gaussian.jpg,sinif_sube,276,1096,1511,1096,1511,1280,276,1280
TEST,out/55_gaussian.jpg,bilgiler_elle,281,1283,913,1283,913,2068,281,2068
TEST,out/55_gaussian.jpg,soyadi_adi,242,127,1634,127,1634,1101,242,1101
TEST,out/55_gaussian.jpg,sozel,1754,549,2820,549,2820,1419,1754,1419
TEST,out/60_gaussian.jpg,cevaplar,2462,1247,3549,1247,3549,2175,2462,2175
TEST,out/60_gaussian.jpg,kenarcizgi,1936,235,2012,235,2012,2175,1936,2175
TEST,out/60_gaussian.jpg,tc,2017,1257,2396,1257,2396,1667,2017,1667
TEST,out/60_gaussian.jpg,sayisal,3148,1324,3549,1324,3549,2150,3148,2150
TEST,out/60_gaussian.jpg,sinif_sube,2565,245,2731,245,2731,1153,2565,1153
TEST,out/60_gaussian.jpg,kenarcizgi,3767,250,3979,250,3979,2191,3767,2191
TEST,out/60_gaussian.jpg,cevaplar,468,1293,1549,1293,1549,2193,468,2193
TEST,out/60_gaussian.jpg,kurum_ogrenci_no,2012,861,2437,861,2437,1247,2012,1247
TEST,out/60_gaussian.jpg,sozel,2457,1337,3181,1337,3181,2160,2457,2160
TEST,out/60_gaussian.jpg,soyadi_adi,831,276,1580,276,1580,1283,831,1283
TEST,out/60_gaussian.jpg,kurum_ogrenci_no,89,874,544,874,544,1273,89,1273
TEST,out/60_gaussian.jpg,sinif_sube,754,273,882,273,882,1181,754,1181
TEST,out/60_gaussian.jpg,sozel,462,1383,1186,1383,1186,2191,462,2191
TEST,out/60_gaussian.jpg,soyadi_adi,2705,232,3468,232,3468,1232,2705,1232
TEST,out/60_gaussian.jpg,kitapcik_cinsiyet,2010,715,2427,715,2427,843,2010,843
TEST,out/60_gaussian.jpg,kenarcizgi,2,232,153,232,153,1805,2,1805
TEST,out/60_gaussian.jpg,tc,43,1275,452,1275,452,1695,43,1695
TEST,out/60_gaussian.jpg,kitapcik_cinsiyet,122,723,552,723,552,859,122,859
TEST,out/60_gaussian.jpg,kurum_ogrenci_no,140,263,749,263,749,715,140,715
TEST,out/60_gaussian.jpg,sayisal,1168,1383,1549,1383,1549,2193,1168,2193
TEST,out/60_gaussian.jpg,bilgiler_elle,2005,250,2578,250,2578,698,2005,698
TEST,out/16_gaussian.jpg,kurum_ogrenci_no,678,969,1226,969,1226,1470,678,1470
TEST,out/16_gaussian.jpg,sozel,1237,1586,2094,1586,2094,2635,1237,2635
TEST,out/16_gaussian.jpg,sinif_sube,1432,215,1590,215,1590,1360,1432,1360
TEST,out/16_gaussian.jpg,soyadi_adi,1597,226,2498,226,2498,1463,1597,1463
TEST,out/16_gaussian.jpg,sayisal,2080,1576,2556,1576,2556,2621,2080,2621
TEST,out/16_gaussian.jpg,tc,658,1480,1148,1480,1148,1994,658,1994
TEST,out/16_gaussian.jpg,kenarcizgi,555,171,678,171,678,2632,555,2632
TEST,out/16_gaussian.jpg,cevaplar,1240,1477,2556,1477,2556,2639,1240,2639
TEST,out/16_gaussian.jpg,bilgiler_elle,688,198,1429,198,1429,771,688,771
TEST,out/16_gaussian.jpg,kenarcizgi,2580,428,2704,428,2704,2868,2580,2868
TEST,out/16_gaussian.jpg,kitapcik_cinsiyet,682,777,1230,777,1230,963,682,963
TEST,out/79_gaussian.jpg,sozel,662,1919,1567,1919,1567,3012,662,3012
TEST,out/79_gaussian.jpg,soyadi_adi,1113,549,2106,549,2106,1861,1113,1861
TEST,out/79_gaussian.jpg,kitapcik_cinsiyet,262,1110,785,1110,785,1294,262,1294
TEST,out/79_gaussian.jpg,kenarcizgi,37,532,303,532,303,2865,37,2865
TEST,out/79_gaussian.jpg,tc,177,1793,669,1793,669,2312,177,2312
TEST,out/79_gaussian.jpg,sayisal,1560,1970,2041,1970,2041,3053,1560,3053
TEST,out/79_gaussian.jpg,sinif_sube,1020,553,1184,553,1184,1701,1020,1701
TEST,out/79_gaussian.jpg,kurum_ogrenci_no,228,1301,775,1301,775,1800,228,1800
TEST,out/79_gaussian.jpg,bilgiler_elle,286,563,1020,563,1020,1099,286,1099
TEST,out/79_gaussian.jpg,cevaplar,672,1827,2048,1827,2048,3060,672,3060
TEST,out/94_gaussian.jpg,sinif_sube,452,1078,1593,1078,1593,1234,452,1234
TEST,out/94_gaussian.jpg,kenarcizgi,455,1945,2713,1945,2713,2142,455,2142
TEST,out/94_gaussian.jpg,sayisal,1836,242,2874,242,2874,698,1836,698
TEST,out/94_gaussian.jpg,soyadi_adi,429,191,1721,191,1721,1140,429,1140
TEST,out/94_gaussian.jpg,tc,1685,1577,2173,1577,2173,2022,1685,2022
TEST,out/94_gaussian.jpg,bilgiler_elle,452,1247,1012,1247,1012,1943,452,1943
TEST,out/94_gaussian.jpg,cevaplar,1713,237,2874,237,2874,1536,1713,1536
TEST,out/94_gaussian.jpg,kurum_ogrenci_no,1204,1480,1677,1480,1677,1984,1204,1984
TEST,out/94_gaussian.jpg,kitapcik_cinsiyet,1020,1465,1194,1465,1194,1963,1020,1963
TEST,out/94_gaussian.jpg,sozel,1808,698,2833,698,2833,1539,1808,1539
TEST,out/43_gaussian.jpg,cevaplar,1749,357,2759,357,2759,1521,1749,1521
TEST,out/43_gaussian.jpg,kenarcizgi,575,2063,2772,2063,2772,2119,575,2119
TEST,out/43_gaussian.jpg,bilgiler_elle,578,1373,1102,1373,1102,2045,578,2045
TEST,out/43_gaussian.jpg,sozel,1849,756,2759,756,2759,1513,1849,1513
TEST,out/43_gaussian.jpg,kurum_ogrenci_no,1299,1546,1749,1546,1749,2035,1299,2035
TEST,out/43_gaussian.jpg,sayisal,1836,357,2749,357,2749,761,1836,761
TEST,out/43_gaussian.jpg,kitapcik_cinsiyet,1122,1554,1281,1554,1281,2032,1122,2032
TEST,out/43_gaussian.jpg,sinif_sube,575,1219,1634,1219,1634,1370,575,1370
TEST,out/43_gaussian.jpg,tc,1759,1598,2225,1598,2225,2035,1759,2035
TEST,out/43_gaussian.jpg,soyadi_adi,552,388,1741,388,1741,1217,552,1217
TEST,out/37_gaussian.jpg,kurum_ogrenci_no,1365,1419,1805,1419,1805,1897,1365,1897
TEST,out/37_gaussian.jpg,sinif_sube,636,1076,1703,1076,1703,1242,636,1242
TEST,out/37_gaussian.jpg,kenarcizgi,626,1925,2836,1925,2836,1989,626,1989
TEST,out/37_gaussian.jpg,bilgiler_elle,639,1245,1179,1245,1179,1912,639,1912
TEST,out/37_gaussian.jpg,tc,1823,1482,2283,1482,2283,1904,1823,1904
TEST,out/37_gaussian.jpg,cevaplar,1810,219,2836,219,2836,1396,1810,1396
TEST,out/37_gaussian.jpg,soyadi_adi,616,255,1808,255,1808,1086,616,1086
TEST,out/37_gaussian.jpg,kitapcik_cinsiyet,1184,1424,1345,1424,1345,1899,1184,1899
TEST,out/10_gaussian.jpg,kitapcik_cinsiyet,198,1090,798,1090,798,1285,198,1285
TEST,out/10_gaussian.jpg,sayisal,1745,1971,2245,1971,2245,3144,1745,3144
TEST,out/10_gaussian.jpg,cevaplar,777,1855,2250,1855,2250,3152,777,3152
TEST,out/10_gaussian.jpg,sinif_sube,1034,475,1191,475,1191,1706,1034,1706
TEST,out/10_gaussian.jpg,tc,153,1842,690,1842,690,2409,153,2409
TEST,out/10_gaussian.jpg,kurum_ogrenci_no,173,1293,785,1293,785,1842,173,1842
TEST,out/10_gaussian.jpg,soyadi_adi,1191,471,2225,471,2225,1847,1191,1847
TEST,out/10_gaussian.jpg,kenarcizgi,12,442,206,442,206,3119,12,3119
TEST,out/10_gaussian.jpg,sozel,773,1966,1741,1966,1741,3128,773,3128
TEST,out/10_gaussian.jpg,bilgiler_elle,215,479,1021,479,1021,1070,215,1070
TEST,out/15_gaussian.jpg,soyadi_adi,1771,373,2782,373,2782,1778,1771,1778
TEST,out/15_gaussian.jpg,cevaplar,1295,1699,2714,1699,2714,2940,1295,2940
TEST,out/15_gaussian.jpg,kurum_ogrenci_no,805,1127,1408,1127,1408,1665,805,1665
TEST,out/15_gaussian.jpg,bilgiler_elle,877,291,1665,291,1665,949,877,949
TEST,out/15_gaussian.jpg,sozel,1295,1799,2248,1799,2248,2944,1295,2944
TEST,out/15_gaussian.jpg,kitapcik_cinsiyet,853,918,1425,918,1425,1134,853,1134
TEST,out/15_gaussian.jpg,kenarcizgi,568,267,894,267,894,2848,568,2848
TEST,out/15_gaussian.jpg,sayisal,2210,1867,2710,1867,2710,2937,2210,2937
TEST,out/15_gaussian.jpg,tc,743,1655,1281,1655,1281,2210,743,2210
TEST,out/15_gaussian.jpg,sinif_sube,1675,359,1843,359,1843,1586,1675,1586
TEST,out/2_gaussian.jpg,bilgiler_elle,375,451,1063,451,1063,969,375,969
TEST,out/2_gaussian.jpg,sayisal,1690,1766,2126,1766,2126,2748,1690,2748
TEST,out/2_gaussian.jpg,kurum_ogrenci_no,360,1154,882,1154,882,1650,360,1650
TEST,out/2_gaussian.jpg,soyadi_adi,1228,443,2092,443,2092,1646,1228,1646
TEST,out/2_gaussian.jpg,tc,338,1639,796,1639,796,2131,338,2131
TEST,out/2_gaussian.jpg,sinif_sube,1070,447,1228,447,1228,1545,1070,1545
TEST,out/2_gaussian.jpg,cevaplar,863,1669,2126,1669,2126,2755,863,2755
TEST,out/2_gaussian.jpg,kitapcik_cinsiyet,364,988,882,988,882,1157,364,1157
TEST,out/2_gaussian.jpg,sozel,860,1759,1686,1759,1686,2748,860,2748
TEST,out/2_gaussian.jpg,kenarcizgi,214,424,371,424,371,2706,214,2706
TEST,out/12_gaussian.jpg,sayisal,1628,2095,2132,2095,2132,3254,1628,3254
TEST,out/12_gaussian.jpg,kenarcizgi,13,495,226,495,226,3113,13,3113
TEST,out/12_gaussian.jpg,cevaplar,666,1940,2145,1940,2145,3268,666,3268
TEST,out/12_gaussian.jpg,sinif_sube,1020,554,1193,554,1193,1827,1020,1827
TEST,out/12_gaussian.jpg,kitapcik_cinsiyet,199,1186,766,1186,766,1354,199,1354
TEST,out/12_gaussian.jpg,tc,108,1904,653,1904,653,2481,108,2481
TEST,out/12_gaussian.jpg,bilgiler_elle,208,554,1029,554,1029,1150,208,1150
TEST,out/12_gaussian.jpg,kurum_ogrenci_no,154,1377,757,1377,757,1922,154,1922
TEST,out/12_gaussian.jpg,soyadi_adi,1147,568,2181,568,2181,1977,1147,1977
TEST,out/12_gaussian.jpg,sozel,675,2050,1623,2050,1623,3231,675,3231
